Character_Index,Level,IsEvolve,Hp,Power,Defense,Attack_Range,Attack_Speed,Move_Speed,Critical_Percent,Critical_Power,Skill_Cooltime,Skill_Power1,Skill_Power2,Skill_Effect1,Skill_Effect2,Duration,Effect_Time,Skill_Radius
String,Int,Boolean,Int,Int,Int,Float,Float,Float,Int,Float,Float,Float,Float,Float,Float,Float,Float,Float
C_Wrr_01,1,0,669,95,15,1.2,1.0,1.3,10,0.5,0.0,0.0,0.0,0.0,0.0,0.0,0.0,0.0
C_Wrr_01,2,0,709,101,15,1.2,1.0,1.3,10,0.5,0.0,0.0,0.0,0.0,0.0,0.0,0.0,0.0
C_Wrr_01,3,0,752,107,15,1.2,1.0,1.3,10,0.5,0.0,0.0,0.0,0.0,0.0,0.0,0.0,0.0
C_Wrr_01,4,0,797,113,15,1.2,1.0,1.3,10,0.5,0.0,0.0,0.0,0.0,0.0,0.0,0.0,0.0
C_Wrr_01,5,0,845,120,15,1.2,1.0,1.3,10,0.5,0.0,0.0,0.0,0.0,0.0,0.0,0.0,0.0
C_Wrr_01,6,0,896,127,15,1.2,1.0,1.3,10,0.5,0.0,0.0,0.0,0.0,0.0,0.0,0.0,0.0
C_Wrr_01,7,0,950,135,15,1.2,1.0,1.3,10,0.5,0.0,0.0,0.0,0.0,0.0,0.0,0.0,0.0
C_Wrr_01,8,0,1007,143,15,1.2,1.0,1.3,10,0.5,0.0,0.0,0.0,0.0,0.0,0.0,0.0,0.0
C_Wrr_01,9,0,1067,152,15,1.2,1.0,1.3,10,0.5,0.0,0.0,0.0,0.0,0.0,0.0,0.0,0.0
C_Wrr_01,10,0,1131,161,15,1.2,1.0,1.3,10,0.5,0.0,0.0,0.0,0.0,0.0,0.0,0.0,0.0
C_Wrr_01,11,0,1199,171,15,1.2,1.0,1.3,10,0.5,0.0,0.0,0.0,0.0,0.0,0.0,0.0,0.0
C_Wrr_01,12,0,1271,181,15,1.2,1.0,1.3,10,0.5,0.0,0.0,0.0,0.0,0.0,0.0,0.0,0.0
C_Wrr_01,13,0,1347,192,15,1.2,1.0,1.3,10,0.5,0.0,0.0,0.0,0.0,0.0,0.0,0.0,0.0
C_Wrr_01,14,0,1428,204,15,1.2,1.0,1.3,10,0.5,0.0,0.0,0.0,0.0,0.0,0.0,0.0,0.0
C_Wrr_01,15,0,1514,216,15,1.2,1.0,1.3,10,0.5,0.0,0.0,0.0,0.0,0.0,0.0,0.0,0.0
C_Wrr_01,16,0,1605,229,15,1.2,1.0,1.3,10,0.5,0.0,0.0,0.0,0.0,0.0,0.0,0.0,0.0
C_Wrr_01,17,0,1701,243,15,1.2,1.0,1.3,10,0.5,0.0,0.0,0.0,0.0,0.0,0.0,0.0,0.0
C_Wrr_01,18,0,1803,258,15,1.2,1.0,1.3,10,0.5,0.0,0.0,0.0,0.0,0.0,0.0,0.0,0.0
C_Wrr_01,19,0,1911,273,15,1.2,1.0,1.3,10,0.5,0.0,0.0,0.0,0.0,0.0,0.0,0.0,0.0
C_Wrr_01,20,0,2026,289,15,1.2,1.0,1.3,10,0.5,0.0,0.0,0.0,0.0,0.0,0.0,0.0,0.0
C_Wrr_02,1,0,643,99,15,1.0,1.1,1.5,30,0.5,0.0,0.0,0.0,0.0,0.0,0.0,0.0,0.0
C_Wrr_02,2,0,682,105,15,1.0,1.1,1.5,30,0.5,0.0,0.0,0.0,0.0,0.0,0.0,0.0,0.0
C_Wrr_02,3,0,723,111,15,1.0,1.1,1.5,30,0.5,0.0,0.0,0.0,0.0,0.0,0.0,0.0,0.0
C_Wrr_02,4,0,766,118,15,1.0,1.1,1.5,30,0.5,0.0,0.0,0.0,0.0,0.0,0.0,0.0,0.0
C_Wrr_02,5,0,812,125,15,1.0,1.1,1.5,30,0.5,0.0,0.0,0.0,0.0,0.0,0.0,0.0,0.0
C_Wrr_02,6,0,861,133,15,1.0,1.1,1.5,30,0.5,0.0,0.0,0.0,0.0,0.0,0.0,0.0,0.0
C_Wrr_02,7,0,913,141,15,1.0,1.1,1.5,30,0.5,0.0,0.0,0.0,0.0,0.0,0.0,0.0,0.0
C_Wrr_02,8,0,968,149,15,1.0,1.1,1.5,30,0.5,0.0,0.0,0.0,0.0,0.0,0.0,0.0,0.0
C_Wrr_02,9,0,1026,158,15,1.0,1.1,1.5,30,0.5,0.0,0.0,0.0,0.0,0.0,0.0,0.0,0.0
C_Wrr_02,10,0,1088,167,15,1.0,1.1,1.5,30,0.5,0.0,0.0,0.0,0.0,0.0,0.0,0.0,0.0
C_Wrr_02,11,0,1153,177,15,1.0,1.1,1.5,30,0.5,0.0,0.0,0.0,0.0,0.0,0.0,0.0,0.0
C_Wrr_02,12,0,1222,188,15,1.0,1.1,1.5,30,0.5,0.0,0.0,0.0,0.0,0.0,0.0,0.0,0.0
C_Wrr_02,13,0,1295,199,15,1.0,1.1,1.5,30,0.5,0.0,0.0,0.0,0.0,0.0,0.0,0.0,0.0
C_Wrr_02,14,0,1373,211,15,1.0,1.1,1.5,30,0.5,0.0,0.0,0.0,0.0,0.0,0.0,0.0,0.0
C_Wrr_02,15,0,1455,224,15,1.0,1.1,1.5,30,0.5,0.0,0.0,0.0,0.0,0.0,0.0,0.0,0.0
C_Wrr_02,16,0,1542,237,15,1.0,1.1,1.5,30,0.5,0.0,0.0,0.0,0.0,0.0,0.0,0.0,0.0
C_Wrr_02,17,0,1635,251,15,1.0,1.1,1.5,30,0.5,0.0,0.0,0.0,0.0,0.0,0.0,0.0,0.0
C_Wrr_02,18,0,1733,266,15,1.0,1.1,1.5,30,0.5,0.0,0.0,0.0,0.0,0.0,0.0,0.0,0.0
C_Wrr_02,19,0,1837,282,15,1.0,1.1,1.5,30,0.5,0.0,0.0,0.0,0.0,0.0,0.0,0.0,0.0
C_Wrr_02,20,0,1947,299,15,1.0,1.1,1.5,30,0.5,0.0,0.0,0.0,0.0,0.0,0.0,0.0,0.0
C_Arch_01,1,0,562,124,5,2.5,1.6,1,25,0.5,0.0,0.0,0.0,0.0,0.0,0.0,0.0,0.0
C_Arch_01,2,0,596,131,5,2.5,1.6,1,25,0.5,0.0,0.0,0.0,0.0,0.0,0.0,0.0,0.0
C_Arch_01,3,0,632,139,5,2.5,1.6,1,25,0.5,0.0,0.0,0.0,0.0,0.0,0.0,0.0,0.0
C_Arch_01,4,0,670,147,5,2.5,1.6,1,25,0.5,0.0,0.0,0.0,0.0,0.0,0.0,0.0,0.0
C_Arch_01,5,0,710,156,5,2.5,1.6,1,25,0.5,0.0,0.0,0.0,0.0,0.0,0.0,0.0,0.0
C_Arch_01,6,0,753,165,5,2.5,1.6,1,25,0.5,0.0,0.0,0.0,0.0,0.0,0.0,0.0,0.0
C_Arch_01,7,0,798,175,5,2.5,1.6,1,25,0.5,0.0,0.0,0.0,0.0,0.0,0.0,0.0,0.0
C_Arch_01,8,0,846,186,5,2.5,1.6,1,25,0.5,0.0,0.0,0.0,0.0,0.0,0.0,0.0,0.0
C_Arch_01,9,0,897,197,5,2.5,1.6,1,25,0.5,0.0,0.0,0.0,0.0,0.0,0.0,0.0,0.0
C_Arch_01,10,0,951,209,5,2.5,1.6,1,25,0.5,0.0,0.0,0.0,0.0,0.0,0.0,0.0,0.0
C_Arch_01,11,0,1008,222,5,2.5,1.6,1,25,0.5,0.0,0.0,0.0,0.0,0.0,0.0,0.0,0.0
C_Arch_01,12,0,1068,235,5,2.5,1.6,1,25,0.5,0.0,0.0,0.0,0.0,0.0,0.0,0.0,0.0
C_Arch_01,13,0,1132,249,5,2.5,1.6,1,25,0.5,0.0,0.0,0.0,0.0,0.0,0.0,0.0,0.0
C_Arch_01,14,0,1200,264,5,2.5,1.6,1,25,0.5,0.0,0.0,0.0,0.0,0.0,0.0,0.0,0.0
C_Arch_01,15,0,1272,280,5,2.5,1.6,1,25,0.5,0.0,0.0,0.0,0.0,0.0,0.0,0.0,0.0
C_Arch_01,16,0,1348,297,5,2.5,1.6,1,25,0.5,0.0,0.0,0.0,0.0,0.0,0.0,0.0,0.0
C_Arch_01,17,0,1429,315,5,2.5,1.6,1,25,0.5,0.0,0.0,0.0,0.0,0.0,0.0,0.0,0.0
C_Arch_01,18,0,1515,334,5,2.5,1.6,1,25,0.5,0.0,0.0,0.0,0.0,0.0,0.0,0.0,0.0
C_Arch_01,19,0,1606,354,5,2.5,1.6,1,25,0.5,0.0,0.0,0.0,0.0,0.0,0.0,0.0,0.0
C_Arch_01,20,0,1702,375,5,2.5,1.6,1,25,0.5,0.0,0.0,0.0,0.0,0.0,0.0,0.0,0.0
C_Arch_02,1,0,571,71,5,3.0,3.0,1.3,20,0.5,0.0,0.0,0.0,0.0,0.0,0.0,0.0,0.0
C_Arch_02,2,0,605,75,5,3.0,3.0,1.3,20,0.5,0.0,0.0,0.0,0.0,0.0,0.0,0.0,0.0
C_Arch_02,3,0,641,80,5,3.0,3.0,1.3,20,0.5,0.0,0.0,0.0,0.0,0.0,0.0,0.0,0.0
C_Arch_02,4,0,679,85,5,3.0,3.0,1.3,20,0.5,0.0,0.0,0.0,0.0,0.0,0.0,0.0,0.0
C_Arch_02,5,0,720,90,5,3.0,3.0,1.3,20,0.5,0.0,0.0,0.0,0.0,0.0,0.0,0.0,0.0
C_Arch_02,6,0,763,95,5,3.0,3.0,1.3,20,0.5,0.0,0.0,0.0,0.0,0.0,0.0,0.0,0.0
C_Arch_02,7,0,809,101,5,3.0,3.0,1.3,20,0.5,0.0,0.0,0.0,0.0,0.0,0.0,0.0,0.0
C_Arch_02,8,0,858,107,5,3.0,3.0,1.3,20,0.5,0.0,0.0,0.0,0.0,0.0,0.0,0.0,0.0
C_Arch_02,9,0,909,113,5,3.0,3.0,1.3,20,0.5,0.0,0.0,0.0,0.0,0.0,0.0,0.0,0.0
C_Arch_02,10,0,964,120,5,3.0,3.0,1.3,20,0.5,0.0,0.0,0.0,0.0,0.0,0.0,0.0,0.0
C_Arch_02,11,0,1022,127,5,3.0,3.0,1.3,20,0.5,0.0,0.0,0.0,0.0,0.0,0.0,0.0,0.0
C_Arch_02,12,0,1083,135,5,3.0,3.0,1.3,20,0.5,0.0,0.0,0.0,0.0,0.0,0.0,0.0,0.0
C_Arch_02,13,0,1148,143,5,3.0,3.0,1.3,20,0.5,0.0,0.0,0.0,0.0,0.0,0.0,0.0,0.0
C_Arch_02,14,0,1217,152,5,3.0,3.0,1.3,20,0.5,0.0,0.0,0.0,0.0,0.0,0.0,0.0,0.0
C_Arch_02,15,0,1290,161,5,3.0,3.0,1.3,20,0.5,0.0,0.0,0.0,0.0,0.0,0.0,0.0,0.0
C_Arch_02,16,0,1367,171,5,3.0,3.0,1.3,20,0.5,0.0,0.0,0.0,0.0,0.0,0.0,0.0,0.0
C_Arch_02,17,0,1449,181,5,3.0,3.0,1.3,20,0.5,0.0,0.0,0.0,0.0,0.0,0.0,0.0,0.0
C_Arch_02,18,0,1536,192,5,3.0,3.0,1.3,20,0.5,0.0,0.0,0.0,0.0,0.0,0.0,0.0,0.0
C_Arch_02,19,0,1628,204,5,3.0,3.0,1.3,20,0.5,0.0,0.0,0.0,0.0,0.0,0.0,0.0,0.0
C_Arch_02,20,0,1726,216,5,3.0,3.0,1.3,20,0.5,0.0,0.0,0.0,0.0,0.0,0.0,0.0,0.0
C_Tnk_01,1,0,719,95,35,1.1,1.2,1,10,0.5,0.0,0.0,0.0,0.0,0.0,0.0,0.0,0.0
C_Tnk_01,2,0,762,101,35,1.1,1.2,1,10,0.5,0.0,0.0,0.0,0.0,0.0,0.0,0.0,0.0
C_Tnk_01,3,0,808,107,35,1.1,1.2,1,10,0.5,0.0,0.0,0.0,0.0,0.0,0.0,0.0,0.0
C_Tnk_01,4,0,856,113,35,1.1,1.2,1,10,0.5,0.0,0.0,0.0,0.0,0.0,0.0,0.0,0.0
C_Tnk_01,5,0,907,120,35,1.1,1.2,1,10,0.5,0.0,0.0,0.0,0.0,0.0,0.0,0.0,0.0
C_Tnk_01,6,0,961,127,35,1.1,1.2,1,10,0.5,0.0,0.0,0.0,0.0,0.0,0.0,0.0,0.0
C_Tnk_01,7,0,1019,135,35,1.1,1.2,1,10,0.5,0.0,0.0,0.0,0.0,0.0,0.0,0.0,0.0
C_Tnk_01,8,0,1080,143,35,1.1,1.2,1,10,0.5,0.0,0.0,0.0,0.0,0.0,0.0,0.0,0.0
C_Tnk_01,9,0,1145,152,35,1.1,1.2,1,10,0.5,0.0,0.0,0.0,0.0,0.0,0.0,0.0,0.0
C_Tnk_01,10,0,1214,161,35,1.1,1.2,1,10,0.5,0.0,0.0,0.0,0.0,0.0,0.0,0.0,0.0
C_Tnk_01,11,0,1287,171,35,1.1,1.2,1,10,0.5,0.0,0.0,0.0,0.0,0.0,0.0,0.0,0.0
C_Tnk_01,12,0,1364,181,35,1.1,1.2,1,10,0.5,0.0,0.0,0.0,0.0,0.0,0.0,0.0,0.0
C_Tnk_01,13,0,1446,192,35,1.1,1.2,1,10,0.5,0.0,0.0,0.0,0.0,0.0,0.0,0.0,0.0
C_Tnk_01,14,0,1533,204,35,1.1,1.2,1,10,0.5,0.0,0.0,0.0,0.0,0.0,0.0,0.0,0.0
C_Tnk_01,15,0,1625,216,35,1.1,1.2,1,10,0.5,0.0,0.0,0.0,0.0,0.0,0.0,0.0,0.0
C_Tnk_01,16,0,1723,229,35,1.1,1.2,1,10,0.5,0.0,0.0,0.0,0.0,0.0,0.0,0.0,0.0
C_Tnk_01,17,0,1826,243,35,1.1,1.2,1,10,0.5,0.0,0.0,0.0,0.0,0.0,0.0,0.0,0.0
C_Tnk_01,18,0,1936,258,35,1.1,1.2,1,10,0.5,0.0,0.0,0.0,0.0,0.0,0.0,0.0,0.0
C_Tnk_01,19,0,2052,273,35,1.1,1.2,1,10,0.5,0.0,0.0,0.0,0.0,0.0,0.0,0.0,0.0
C_Tnk_01,20,0,2175,289,35,1.1,1.2,1,10,0.5,0.0,0.0,0.0,0.0,0.0,0.0,0.0,0.0
C_Tnk_02,1,0,801,113,25,1.1,1.5,1.3,5,0.5,0.0,0.0,0.0,0.0,0.0,0.0,0.0,0.0
C_Tnk_02,2,0,849,120,25,1.1,1.5,1.3,5,0.5,0.0,0.0,0.0,0.0,0.0,0.0,0.0,0.0
C_Tnk_02,3,0,900,127,25,1.1,1.5,1.3,5,0.5,0.0,0.0,0.0,0.0,0.0,0.0,0.0,0.0
C_Tnk_02,4,0,954,135,25,1.1,1.5,1.3,5,0.5,0.0,0.0,0.0,0.0,0.0,0.0,0.0,0.0
C_Tnk_02,5,0,1011,143,25,1.1,1.5,1.3,5,0.5,0.0,0.0,0.0,0.0,0.0,0.0,0.0,0.0
C_Tnk_02,6,0,1072,152,25,1.1,1.5,1.3,5,0.5,0.0,0.0,0.0,0.0,0.0,0.0,0.0,0.0
C_Tnk_02,7,0,1136,161,25,1.1,1.5,1.3,5,0.5,0.0,0.0,0.0,0.0,0.0,0.0,0.0,0.0
C_Tnk_02,8,0,1204,171,25,1.1,1.5,1.3,5,0.5,0.0,0.0,0.0,0.0,0.0,0.0,0.0,0.0
C_Tnk_02,9,0,1276,181,25,1.1,1.5,1.3,5,0.5,0.0,0.0,0.0,0.0,0.0,0.0,0.0,0.0
C_Tnk_02,10,0,1353,192,25,1.1,1.5,1.3,5,0.5,0.0,0.0,0.0,0.0,0.0,0.0,0.0,0.0
C_Tnk_02,11,0,1434,204,25,1.1,1.5,1.3,5,0.5,0.0,0.0,0.0,0.0,0.0,0.0,0.0,0.0
C_Tnk_02,12,0,1520,216,25,1.1,1.5,1.3,5,0.5,0.0,0.0,0.0,0.0,0.0,0.0,0.0,0.0
C_Tnk_02,13,0,1611,229,25,1.1,1.5,1.3,5,0.5,0.0,0.0,0.0,0.0,0.0,0.0,0.0,0.0
C_Tnk_02,14,0,1708,243,25,1.1,1.5,1.3,5,0.5,0.0,0.0,0.0,0.0,0.0,0.0,0.0,0.0
C_Tnk_02,15,0,1810,258,25,1.1,1.5,1.3,5,0.5,0.0,0.0,0.0,0.0,0.0,0.0,0.0,0.0
C_Tnk_02,16,0,1919,273,25,1.1,1.5,1.3,5,0.5,0.0,0.0,0.0,0.0,0.0,0.0,0.0,0.0
C_Tnk_02,17,0,2034,289,25,1.1,1.5,1.3,5,0.5,0.0,0.0,0.0,0.0,0.0,0.0,0.0,0.0
C_Tnk_02,18,0,2156,306,25,1.1,1.5,1.3,5,0.5,0.0,0.0,0.0,0.0,0.0,0.0,0.0,0.0
C_Tnk_02,19,0,2285,324,25,1.1,1.5,1.3,5,0.5,0.0,0.0,0.0,0.0,0.0,0.0,0.0,0.0
C_Tnk_02,20,0,2422,343,25,1.1,1.5,1.3,5,0.5,0.0,0.0,0.0,0.0,0.0,0.0,0.0,0.0
C_Skl_01,1,0,609,170,15,1.1,1.7,1,20,0.5,5.0,0.2,0.2,0.0,0.0,3.0,2.0,1.5
C_Skl_01,2,0,646,180,15,1.1,1.7,1,20,0.5,5.0,0.2,0.2,0.0,0.0,3.0,2.0,1.5
C_Skl_01,3,0,685,191,15,1.1,1.7,1,20,0.5,5.0,0.2,0.2,0.0,0.0,3.0,2.0,1.5
C_Skl_01,4,0,726,202,15,1.1,1.7,1,20,0.5,5.0,0.2,0.2,0.0,0.0,3.0,2.0,1.5
C_Skl_01,5,0,770,214,15,1.1,1.7,1,20,0.5,5.0,0.2,0.2,0.0,0.0,3.0,2.0,1.5
C_Skl_01,6,0,816,227,15,1.1,1.7,1,20,0.5,5.0,0.2,0.2,0.0,0.0,3.0,2.0,1.5
C_Skl_01,7,0,865,241,15,1.1,1.7,1,20,0.5,5.0,0.2,0.2,0.0,0.0,3.0,2.0,1.5
C_Skl_01,8,0,917,255,15,1.1,1.7,1,20,0.5,5.0,0.2,0.2,0.0,0.0,3.0,2.0,1.5
C_Skl_01,9,0,972,270,15,1.1,1.7,1,20,0.5,5.0,0.2,0.2,0.0,0.0,3.0,2.0,1.5
C_Skl_01,10,0,1030,286,15,1.1,1.7,1,20,0.5,5.0,0.2,0.2,0.0,0.0,3.0,2.0,1.5
C_Skl_01,11,0,1092,303,15,1.1,1.7,1,20,0.5,5.0,0.2,0.2,0.0,0.0,3.0,2.0,1.5
C_Skl_01,12,0,1158,321,15,1.1,1.7,1,20,0.5,5.0,0.2,0.2,0.0,0.0,3.0,2.0,1.5
C_Skl_01,13,0,1227,340,15,1.1,1.7,1,20,0.5,5.0,0.2,0.2,0.0,0.0,3.0,2.0,1.5
C_Skl_01,14,0,1301,360,15,1.1,1.7,1,20,0.5,5.0,0.2,0.2,0.0,0.0,3.0,2.0,1.5
C_Skl_01,15,0,1379,382,15,1.1,1.7,1,20,0.5,5.0,0.2,0.2,0.0,0.0,3.0,2.0,1.5
C_Skl_01,16,0,1462,405,15,1.1,1.7,1,20,0.5,5.0,0.2,0.2,0.0,0.0,3.0,2.0,1.5
C_Skl_01,17,0,1550,429,15,1.1,1.7,1,20,0.5,5.0,0.2,0.2,0.0,0.0,3.0,2.0,1.5
C_Skl_01,18,0,1643,455,15,1.1,1.7,1,20,0.5,5.0,0.2,0.2,0.0,0.0,3.0,2.0,1.5
C_Skl_01,19,0,1742,482,15,1.1,1.7,1,20,0.5,5.0,0.2,0.2,0.0,0.0,3.0,2.0,1.5
C_Skl_01,20,0,1847,511,15,1.1,1.7,1,20,0.5,5.0,0.2,0.2,0.0,0.0,3.0,2.0,1.5
C_Skl_02,1,0,636,63,10,2.5,3.0,1,10,0.5,3.0,1.0,0.0,0.0,0.0,2.5,1.0,0.6
C_Skl_02,2,0,674,67,10,2.5,3.0,1,10,0.5,3.0,1.0,0.0,0.0,0.0,2.5,1.0,0.6
C_Skl_02,3,0,714,71,10,2.5,3.0,1,10,0.5,3.0,1.0,0.0,0.0,0.0,2.5,1.0,0.6
C_Skl_02,4,0,757,75,10,2.5,3.0,1,10,0.5,3.0,1.0,0.0,0.0,0.0,2.5,1.0,0.6
C_Skl_02,5,0,802,80,10,2.5,3.0,1,10,0.5,3.0,1.0,0.0,0.0,0.0,2.5,1.0,0.6
C_Skl_02,6,0,850,85,10,2.5,3.0,1,10,0.5,3.0,1.0,0.0,0.0,0.0,2.5,1.0,0.6
C_Skl_02,7,0,901,90,10,2.5,3.0,1,10,0.5,3.0,1.0,0.0,0.0,0.0,2.5,1.0,0.6
C_Skl_02,8,0,955,95,10,2.5,3.0,1,10,0.5,3.0,1.0,0.0,0.0,0.0,2.5,1.0,0.6
C_Skl_02,9,0,1012,101,10,2.5,3.0,1,10,0.5,3.0,1.0,0.0,0.0,0.0,2.5,1.0,0.6
C_Skl_02,10,0,1073,107,10,2.5,3.0,1,10,0.5,3.0,1.0,0.0,0.0,0.0,2.5,1.0,0.6
C_Skl_02,11,0,1137,113,10,2.5,3.0,1,10,0.5,3.0,1.0,0.0,0.0,0.0,2.5,1.0,0.6
C_Skl_02,12,0,1205,120,10,2.5,3.0,1,10,0.5,3.0,1.0,0.0,0.0,0.0,2.5,1.0,0.6
C_Skl_02,13,0,1277,127,10,2.5,3.0,1,10,0.5,3.0,1.0,0.0,0.0,0.0,2.5,1.0,0.6
C_Skl_02,14,0,1354,135,10,2.5,3.0,1,10,0.5,3.0,1.0,0.0,0.0,0.0,2.5,1.0,0.6
C_Skl_02,15,0,1435,143,10,2.5,3.0,1,10,0.5,3.0,1.0,0.0,0.0,0.0,2.5,1.0,0.6
C_Skl_02,16,0,1521,152,10,2.5,3.0,1,10,0.5,3.0,1.0,0.0,0.0,0.0,2.5,1.0,0.6
C_Skl_02,17,0,1612,161,10,2.5,3.0,1,10,0.5,3.0,1.0,0.0,0.0,0.0,2.5,1.0,0.6
C_Skl_02,18,0,1709,171,10,2.5,3.0,1,10,0.5,3.0,1.0,0.0,0.0,0.0,2.5,1.0,0.6
C_Skl_02,19,0,1812,181,10,2.5,3.0,1,10,0.5,3.0,1.0,0.0,0.0,0.0,2.5,1.0,0.6
C_Skl_02,20,0,1921,192,10,2.5,3.0,1,10,0.5,3.0,1.0,0.0,0.0,0.0,2.5,1.0,0.6
C_Skl_03,1,0,500,178,20,1.1,1.7,1,10,0.5,0.0,0.2,0.0,0.0,0.0,0.0,0.0,0.0
C_Skl_03,2,0,530,189,20,1.1,1.7,1,10,0.5,0.0,0.2,0.0,0.0,0.0,0.0,0.0,0.0
C_Skl_03,3,0,562,200,20,1.1,1.7,1,10,0.5,0.0,0.2,0.0,0.0,0.0,0.0,0.0,0.0
C_Skl_03,4,0,596,212,20,1.1,1.7,1,10,0.5,0.0,0.2,0.0,0.0,0.0,0.0,0.0,0.0
C_Skl_03,5,0,632,225,20,1.1,1.7,1,10,0.5,0.0,0.2,0.0,0.0,0.0,0.0,0.0,0.0
C_Skl_03,6,0,670,239,20,1.1,1.7,1,10,0.5,0.0,0.2,0.0,0.0,0.0,0.0,0.0,0.0
C_Skl_03,7,0,710,253,20,1.1,1.7,1,10,0.5,0.0,0.2,0.0,0.0,0.0,0.0,0.0,0.0
C_Skl_03,8,0,753,268,20,1.1,1.7,1,10,0.5,0.0,0.2,0.0,0.0,0.0,0.0,0.0,0.0
C_Skl_03,9,0,798,284,20,1.1,1.7,1,10,0.5,0.0,0.2,0.0,0.0,0.0,0.0,0.0,0.0
C_Skl_03,10,0,846,301,20,1.1,1.7,1,10,0.5,0.0,0.2,0.0,0.0,0.0,0.0,0.0,0.0
C_Skl_03,11,0,897,319,20,1.1,1.7,1,10,0.5,0.0,0.2,0.0,0.0,0.0,0.0,0.0,0.0
C_Skl_03,12,0,951,338,20,1.1,1.7,1,10,0.5,0.0,0.2,0.0,0.0,0.0,0.0,0.0,0.0
C_Skl_03,13,0,1008,358,20,1.1,1.7,1,10,0.5,0.0,0.2,0.0,0.0,0.0,0.0,0.0,0.0
C_Skl_03,14,0,1068,379,20,1.1,1.7,1,10,0.5,0.0,0.2,0.0,0.0,0.0,0.0,0.0,0.0
C_Skl_03,15,0,1132,402,20,1.1,1.7,1,10,0.5,0.0,0.2,0.0,0.0,0.0,0.0,0.0,0.0
C_Skl_03,16,0,1200,426,20,1.1,1.7,1,10,0.5,0.0,0.2,0.0,0.0,0.0,0.0,0.0,0.0
C_Skl_03,17,0,1272,452,20,1.1,1.7,1,10,0.5,0.0,0.2,0.0,0.0,0.0,0.0,0.0,0.0
C_Skl_03,18,0,1348,479,20,1.1,1.7,1,10,0.5,0.0,0.2,0.0,0.0,0.0,0.0,0.0,0.0
C_Skl_03,19,0,1429,508,20,1.1,1.7,1,10,0.5,0.0,0.2,0.0,0.0,0.0,0.0,0.0,0.0
C_Skl_03,20,0,1515,538,20,1.1,1.7,1,10,0.5,0.0,0.2,0.0,0.0,0.0,0.0,0.0,0.0
B_Wrr_01,1,0,783,82,15,1.0,0.9,1.5,25,0.5,0.0,0.0,0.0,0.0,0.0,0.0,0.0,0.0
B_Wrr_01,2,0,830,87,15,1.0,0.9,1.5,25,0.5,0.0,0.0,0.0,0.0,0.0,0.0,0.0,0.0
B_Wrr_01,3,0,880,92,15,1.0,0.9,1.5,25,0.5,0.0,0.0,0.0,0.0,0.0,0.0,0.0,0.0
B_Wrr_01,4,0,933,98,15,1.0,0.9,1.5,25,0.5,0.0,0.0,0.0,0.0,0.0,0.0,0.0,0.0
B_Wrr_01,5,0,989,104,15,1.0,0.9,1.5,25,0.5,0.0,0.0,0.0,0.0,0.0,0.0,0.0,0.0
B_Wrr_01,6,0,1048,110,15,1.0,0.9,1.5,25,0.5,0.0,0.0,0.0,0.0,0.0,0.0,0.0,0.0
B_Wrr_01,7,0,1111,117,15,1.0,0.9,1.5,25,0.5,0.0,0.0,0.0,0.0,0.0,0.0,0.0,0.0
B_Wrr_01,8,0,1178,124,15,1.0,0.9,1.5,25,0.5,0.0,0.0,0.0,0.0,0.0,0.0,0.0,0.0
B_Wrr_01,9,0,1249,131,15,1.0,0.9,1.5,25,0.5,0.0,0.0,0.0,0.0,0.0,0.0,0.0,0.0
B_Wrr_01,10,0,1324,139,15,1.0,0.9,1.5,25,0.5,0.0,0.0,0.0,0.0,0.0,0.0,0.0,0.0
B_Wrr_01,11,0,1403,147,15,1.0,0.9,1.5,25,0.5,0.0,0.0,0.0,0.0,0.0,0.0,0.0,0.0
B_Wrr_01,12,0,1487,156,15,1.0,0.9,1.5,25,0.5,0.0,0.0,0.0,0.0,0.0,0.0,0.0,0.0
B_Wrr_01,13,0,1576,165,15,1.0,0.9,1.5,25,0.5,0.0,0.0,0.0,0.0,0.0,0.0,0.0,0.0
B_Wrr_01,14,0,1671,175,15,1.0,0.9,1.5,25,0.5,0.0,0.0,0.0,0.0,0.0,0.0,0.0,0.0
B_Wrr_01,15,0,1771,186,15,1.0,0.9,1.5,25,0.5,0.0,0.0,0.0,0.0,0.0,0.0,0.0,0.0
B_Wrr_01,16,0,1877,197,15,1.0,0.9,1.5,25,0.5,0.0,0.0,0.0,0.0,0.0,0.0,0.0,0.0
B_Wrr_01,17,0,1990,209,15,1.0,0.9,1.5,25,0.5,0.0,0.0,0.0,0.0,0.0,0.0,0.0,0.0
B_Wrr_01,18,0,2109,222,15,1.0,0.9,1.5,25,0.5,0.0,0.0,0.0,0.0,0.0,0.0,0.0,0.0
B_Wrr_01,19,0,2236,235,15,1.0,0.9,1.5,25,0.5,0.0,0.0,0.0,0.0,0.0,0.0,0.0,0.0
B_Wrr_01,20,0,2370,249,15,1.0,0.9,1.5,25,0.5,0.0,0.0,0.0,0.0,0.0,0.0,0.0,0.0
B_Wrr_02,1,0,648,89,15,1.1,1.5,1,10,0.5,0.0,0.0,0.0,0.0,0.0,0.0,0.0,0.0
B_Wrr_02,2,0,687,94,15,1.1,1.5,1,10,0.5,0.0,0.0,0.0,0.0,0.0,0.0,0.0,0.0
B_Wrr_02,3,0,728,100,15,1.1,1.5,1,10,0.5,0.0,0.0,0.0,0.0,0.0,0.0,0.0,0.0
B_Wrr_02,4,0,772,106,15,1.1,1.5,1,10,0.5,0.0,0.0,0.0,0.0,0.0,0.0,0.0,0.0
B_Wrr_02,5,0,818,112,15,1.1,1.5,1,10,0.5,0.0,0.0,0.0,0.0,0.0,0.0,0.0,0.0
B_Wrr_02,6,0,867,119,15,1.1,1.5,1,10,0.5,0.0,0.0,0.0,0.0,0.0,0.0,0.0,0.0
B_Wrr_02,7,0,919,126,15,1.1,1.5,1,10,0.5,0.0,0.0,0.0,0.0,0.0,0.0,0.0,0.0
B_Wrr_02,8,0,974,134,15,1.1,1.5,1,10,0.5,0.0,0.0,0.0,0.0,0.0,0.0,0.0,0.0
B_Wrr_02,9,0,1032,142,15,1.1,1.5,1,10,0.5,0.0,0.0,0.0,0.0,0.0,0.0,0.0,0.0
B_Wrr_02,10,0,1094,151,15,1.1,1.5,1,10,0.5,0.0,0.0,0.0,0.0,0.0,0.0,0.0,0.0
B_Wrr_02,11,0,1160,160,15,1.1,1.5,1,10,0.5,0.0,0.0,0.0,0.0,0.0,0.0,0.0,0.0
B_Wrr_02,12,0,1230,170,15,1.1,1.5,1,10,0.5,0.0,0.0,0.0,0.0,0.0,0.0,0.0,0.0
B_Wrr_02,13,0,1304,180,15,1.1,1.5,1,10,0.5,0.0,0.0,0.0,0.0,0.0,0.0,0.0,0.0
B_Wrr_02,14,0,1382,191,15,1.1,1.5,1,10,0.5,0.0,0.0,0.0,0.0,0.0,0.0,0.0,0.0
B_Wrr_02,15,0,1465,202,15,1.1,1.5,1,10,0.5,0.0,0.0,0.0,0.0,0.0,0.0,0.0,0.0
B_Wrr_02,16,0,1553,214,15,1.1,1.5,1,10,0.5,0.0,0.0,0.0,0.0,0.0,0.0,0.0,0.0
B_Wrr_02,17,0,1646,227,15,1.1,1.5,1,10,0.5,0.0,0.0,0.0,0.0,0.0,0.0,0.0,0.0
B_Wrr_02,18,0,1745,241,15,1.1,1.5,1,10,0.5,0.0,0.0,0.0,0.0,0.0,0.0,0.0,0.0
B_Wrr_02,19,0,1850,255,15,1.1,1.5,1,10,0.5,0.0,0.0,0.0,0.0,0.0,0.0,0.0,0.0
B_Wrr_02,20,0,1961,270,15,1.1,1.5,1,10,0.5,0.0,0.0,0.0,0.0,0.0,0.0,0.0,0.0
B_Arch_01,1,0,590,131,5,3.0,1.1,1,15,0.5,0.0,0.0,0.0,0.0,0.0,0.0,0.0,0.0
B_Arch_01,2,0,625,139,5,3.0,1.1,1,15,0.5,0.0,0.0,0.0,0.0,0.0,0.0,0.0,0.0
B_Arch_01,3,0,663,147,5,3.0,1.1,1,15,0.5,0.0,0.0,0.0,0.0,0.0,0.0,0.0,0.0
B_Arch_01,4,0,703,156,5,3.0,1.1,1,15,0.5,0.0,0.0,0.0,0.0,0.0,0.0,0.0,0.0
B_Arch_01,5,0,745,165,5,3.0,1.1,1,15,0.5,0.0,0.0,0.0,0.0,0.0,0.0,0.0,0.0
B_Arch_01,6,0,790,175,5,3.0,1.1,1,15,0.5,0.0,0.0,0.0,0.0,0.0,0.0,0.0,0.0
B_Arch_01,7,0,837,186,5,3.0,1.1,1,15,0.5,0.0,0.0,0.0,0.0,0.0,0.0,0.0,0.0
B_Arch_01,8,0,887,197,5,3.0,1.1,1,15,0.5,0.0,0.0,0.0,0.0,0.0,0.0,0.0,0.0
B_Arch_01,9,0,940,209,5,3.0,1.1,1,15,0.5,0.0,0.0,0.0,0.0,0.0,0.0,0.0,0.0
B_Arch_01,10,0,996,222,5,3.0,1.1,1,15,0.5,0.0,0.0,0.0,0.0,0.0,0.0,0.0,0.0
B_Arch_01,11,0,1056,235,5,3.0,1.1,1,15,0.5,0.0,0.0,0.0,0.0,0.0,0.0,0.0,0.0
B_Arch_01,12,0,1119,249,5,3.0,1.1,1,15,0.5,0.0,0.0,0.0,0.0,0.0,0.0,0.0,0.0
B_Arch_01,13,0,1186,264,5,3.0,1.1,1,15,0.5,0.0,0.0,0.0,0.0,0.0,0.0,0.0,0.0
B_Arch_01,14,0,1257,280,5,3.0,1.1,1,15,0.5,0.0,0.0,0.0,0.0,0.0,0.0,0.0,0.0
B_Arch_01,15,0,1332,297,5,3.0,1.1,1,15,0.5,0.0,0.0,0.0,0.0,0.0,0.0,0.0,0.0
B_Arch_01,16,0,1412,315,5,3.0,1.1,1,15,0.5,0.0,0.0,0.0,0.0,0.0,0.0,0.0,0.0
B_Arch_01,17,0,1497,334,5,3.0,1.1,1,15,0.5,0.0,0.0,0.0,0.0,0.0,0.0,0.0,0.0
B_Arch_01,18,0,1587,354,5,3.0,1.1,1,15,0.5,0.0,0.0,0.0,0.0,0.0,0.0,0.0,0.0
B_Arch_01,19,0,1682,375,5,3.0,1.1,1,15,0.5,0.0,0.0,0.0,0.0,0.0,0.0,0.0,0.0
B_Arch_01,20,0,1783,398,5,3.0,1.1,1,15,0.5,0.0,0.0,0.0,0.0,0.0,0.0,0.0,0.0
B_Arch_02,1,0,638,189,5,2.5,2.1,1,35,0.5,0.0,0.0,0.0,0.0,0.0,0.0,0.0,0.0
B_Arch_02,2,0,676,200,5,2.5,2.1,1,35,0.5,0.0,0.0,0.0,0.0,0.0,0.0,0.0,0.0
B_Arch_02,3,0,717,212,5,2.5,2.1,1,35,0.5,0.0,0.0,0.0,0.0,0.0,0.0,0.0,0.0
B_Arch_02,4,0,760,225,5,2.5,2.1,1,35,0.5,0.0,0.0,0.0,0.0,0.0,0.0,0.0,0.0
B_Arch_02,5,0,806,239,5,2.5,2.1,1,35,0.5,0.0,0.0,0.0,0.0,0.0,0.0,0.0,0.0
B_Arch_02,6,0,854,253,5,2.5,2.1,1,35,0.5,0.0,0.0,0.0,0.0,0.0,0.0,0.0,0.0
B_Arch_02,7,0,905,268,5,2.5,2.1,1,35,0.5,0.0,0.0,0.0,0.0,0.0,0.0,0.0,0.0
B_Arch_02,8,0,959,284,5,2.5,2.1,1,35,0.5,0.0,0.0,0.0,0.0,0.0,0.0,0.0,0.0
B_Arch_02,9,0,1017,301,5,2.5,2.1,1,35,0.5,0.0,0.0,0.0,0.0,0.0,0.0,0.0,0.0
B_Arch_02,10,0,1078,319,5,2.5,2.1,1,35,0.5,0.0,0.0,0.0,0.0,0.0,0.0,0.0,0.0
B_Arch_02,11,0,1143,338,5,2.5,2.1,1,35,0.5,0.0,0.0,0.0,0.0,0.0,0.0,0.0,0.0
B_Arch_02,12,0,1212,358,5,2.5,2.1,1,35,0.5,0.0,0.0,0.0,0.0,0.0,0.0,0.0,0.0
B_Arch_02,13,0,1285,379,5,2.5,2.1,1,35,0.5,0.0,0.0,0.0,0.0,0.0,0.0,0.0,0.0
B_Arch_02,14,0,1362,402,5,2.5,2.1,1,35,0.5,0.0,0.0,0.0,0.0,0.0,0.0,0.0,0.0
B_Arch_02,15,0,1444,426,5,2.5,2.1,1,35,0.5,0.0,0.0,0.0,0.0,0.0,0.0,0.0,0.0
B_Arch_02,16,0,1531,452,5,2.5,2.1,1,35,0.5,0.0,0.0,0.0,0.0,0.0,0.0,0.0,0.0
B_Arch_02,17,0,1623,479,5,2.5,2.1,1,35,0.5,0.0,0.0,0.0,0.0,0.0,0.0,0.0,0.0
B_Arch_02,18,0,1720,508,5,2.5,2.1,1,35,0.5,0.0,0.0,0.0,0.0,0.0,0.0,0.0,0.0
B_Arch_02,19,0,1823,538,5,2.5,2.1,1,35,0.5,0.0,0.0,0.0,0.0,0.0,0.0,0.0,0.0
B_Arch_02,20,0,1932,570,5,2.5,2.1,1,35,0.5,0.0,0.0,0.0,0.0,0.0,0.0,0.0,0.0
B_Tnk_01,1,0,697,119,45,1.1,1.5,0.8,10,0.5,0.0,0.0,0.0,0.0,0.0,0.0,0.0,0.0
B_Tnk_01,2,0,739,126,45,1.1,1.5,0.8,10,0.5,0.0,0.0,0.0,0.0,0.0,0.0,0.0,0.0
B_Tnk_01,3,0,783,134,45,1.1,1.5,0.8,10,0.5,0.0,0.0,0.0,0.0,0.0,0.0,0.0,0.0
B_Tnk_01,4,0,830,142,45,1.1,1.5,0.8,10,0.5,0.0,0.0,0.0,0.0,0.0,0.0,0.0,0.0
B_Tnk_01,5,0,880,151,45,1.1,1.5,0.8,10,0.5,0.0,0.0,0.0,0.0,0.0,0.0,0.0,0.0
B_Tnk_01,6,0,933,160,45,1.1,1.5,0.8,10,0.5,0.0,0.0,0.0,0.0,0.0,0.0,0.0,0.0
B_Tnk_01,7,0,989,170,45,1.1,1.5,0.8,10,0.5,0.0,0.0,0.0,0.0,0.0,0.0,0.0,0.0
B_Tnk_01,8,0,1048,180,45,1.1,1.5,0.8,10,0.5,0.0,0.0,0.0,0.0,0.0,0.0,0.0,0.0
B_Tnk_01,9,0,1111,191,45,1.1,1.5,0.8,10,0.5,0.0,0.0,0.0,0.0,0.0,0.0,0.0,0.0
B_Tnk_01,10,0,1178,202,45,1.1,1.5,0.8,10,0.5,0.0,0.0,0.0,0.0,0.0,0.0,0.0,0.0
B_Tnk_01,11,0,1249,214,45,1.1,1.5,0.8,10,0.5,0.0,0.0,0.0,0.0,0.0,0.0,0.0,0.0
B_Tnk_01,12,0,1324,227,45,1.1,1.5,0.8,10,0.5,0.0,0.0,0.0,0.0,0.0,0.0,0.0,0.0
B_Tnk_01,13,0,1403,241,45,1.1,1.5,0.8,10,0.5,0.0,0.0,0.0,0.0,0.0,0.0,0.0,0.0
B_Tnk_01,14,0,1487,255,45,1.1,1.5,0.8,10,0.5,0.0,0.0,0.0,0.0,0.0,0.0,0.0,0.0
B_Tnk_01,15,0,1576,270,45,1.1,1.5,0.8,10,0.5,0.0,0.0,0.0,0.0,0.0,0.0,0.0,0.0
B_Tnk_01,16,0,1671,286,45,1.1,1.5,0.8,10,0.5,0.0,0.0,0.0,0.0,0.0,0.0,0.0,0.0
B_Tnk_01,17,0,1771,303,45,1.1,1.5,0.8,10,0.5,0.0,0.0,0.0,0.0,0.0,0.0,0.0,0.0
B_Tnk_01,18,0,1877,321,45,1.1,1.5,0.8,10,0.5,0.0,0.0,0.0,0.0,0.0,0.0,0.0,0.0
B_Tnk_01,19,0,1990,340,45,1.1,1.5,0.8,10,0.5,0.0,0.0,0.0,0.0,0.0,0.0,0.0,0.0
B_Tnk_01,20,0,2109,360,45,1.1,1.5,0.8,10,0.5,0.0,0.0,0.0,0.0,0.0,0.0,0.0,0.0
B_Tnk_02,1,0,599,119,35,1.0,1.5,1,10,0.5,0.0,0.3,0.3,1.0,0.0,0.0,0.0,0.0
B_Tnk_02,2,0,635,126,35,1.0,1.5,1,10,0.5,0.0,0.3,0.3,1.0,0.0,0.0,0.0,0.0
B_Tnk_02,3,0,673,134,35,1.0,1.5,1,10,0.5,0.0,0.3,0.3,1.0,0.0,0.0,0.0,0.0
B_Tnk_02,4,0,713,142,35,1.0,1.5,1,10,0.5,0.0,0.3,0.3,1.0,0.0,0.0,0.0,0.0
B_Tnk_02,5,0,756,151,35,1.0,1.5,1,10,0.5,0.0,0.3,0.3,1.0,0.0,0.0,0.0,0.0
B_Tnk_02,6,0,801,160,35,1.0,1.5,1,10,0.5,0.0,0.3,0.3,1.0,0.0,0.0,0.0,0.0
B_Tnk_02,7,0,849,170,35,1.0,1.5,1,10,0.5,0.0,0.3,0.3,1.0,0.0,0.0,0.0,0.0
B_Tnk_02,8,0,900,180,35,1.0,1.5,1,10,0.5,0.0,0.3,0.3,1.0,0.0,0.0,0.0,0.0
B_Tnk_02,9,0,954,191,35,1.0,1.5,1,10,0.5,0.0,0.3,0.3,1.0,0.0,0.0,0.0,0.0
B_Tnk_02,10,0,1011,202,35,1.0,1.5,1,10,0.5,0.0,0.3,0.3,1.0,0.0,0.0,0.0,0.0
B_Tnk_02,11,0,1072,214,35,1.0,1.5,1,10,0.5,0.0,0.3,0.3,1.0,0.0,0.0,0.0,0.0
B_Tnk_02,12,0,1136,227,35,1.0,1.5,1,10,0.5,0.0,0.3,0.3,1.0,0.0,0.0,0.0,0.0
B_Tnk_02,13,0,1204,241,35,1.0,1.5,1,10,0.5,0.0,0.3,0.3,1.0,0.0,0.0,0.0,0.0
B_Tnk_02,14,0,1276,255,35,1.0,1.5,1,10,0.5,0.0,0.3,0.3,1.0,0.0,0.0,0.0,0.0
B_Tnk_02,15,0,1353,270,35,1.0,1.5,1,10,0.5,0.0,0.3,0.3,1.0,0.0,0.0,0.0,0.0
B_Tnk_02,16,0,1434,286,35,1.0,1.5,1,10,0.5,0.0,0.3,0.3,1.0,0.0,0.0,0.0,0.0
B_Tnk_02,17,0,1520,303,35,1.0,1.5,1,10,0.5,0.0,0.3,0.3,1.0,0.0,0.0,0.0,0.0
B_Tnk_02,18,0,1611,321,35,1.0,1.5,1,10,0.5,0.0,0.3,0.3,1.0,0.0,0.0,0.0,0.0
B_Tnk_02,19,0,1708,340,35,1.0,1.5,1,10,0.5,0.0,0.3,0.3,1.0,0.0,0.0,0.0,0.0
B_Tnk_02,20,0,1810,360,35,1.0,1.5,1,10,0.5,0.0,0.3,0.3,1.0,0.0,0.0,0.0,0.0
B_Skl_01,1,0,480,803,0,1.2,1.0,0.9,0,0.5,0.0,1.0,0.0,0.0,0.0,0.0,0.0,1.5
B_Skl_01,2,0,509,851,0,1.2,1.0,0.9,0,0.5,0.0,1.0,0.0,0.0,0.0,0.0,0.0,1.5
B_Skl_01,3,0,540,902,0,1.2,1.0,0.9,0,0.5,0.0,1.0,0.0,0.0,0.0,0.0,0.0,1.5
B_Skl_01,4,0,572,956,0,1.2,1.0,0.9,0,0.5,0.0,1.0,0.0,0.0,0.0,0.0,0.0,1.5
B_Skl_01,5,0,606,1013,0,1.2,1.0,0.9,0,0.5,0.0,1.0,0.0,0.0,0.0,0.0,0.0,1.5
B_Skl_01,6,0,642,1074,0,1.2,1.0,0.9,0,0.5,0.0,1.0,0.0,0.0,0.0,0.0,0.0,1.5
B_Skl_01,7,0,681,1138,0,1.2,1.0,0.9,0,0.5,0.0,1.0,0.0,0.0,0.0,0.0,0.0,1.5
B_Skl_01,8,0,722,1206,0,1.2,1.0,0.9,0,0.5,0.0,1.0,0.0,0.0,0.0,0.0,0.0,1.5
B_Skl_01,9,0,765,1278,0,1.2,1.0,0.9,0,0.5,0.0,1.0,0.0,0.0,0.0,0.0,0.0,1.5
B_Skl_01,10,0,811,1355,0,1.2,1.0,0.9,0,0.5,0.0,1.0,0.0,0.0,0.0,0.0,0.0,1.5
B_Skl_01,11,0,860,1436,0,1.2,1.0,0.9,0,0.5,0.0,1.0,0.0,0.0,0.0,0.0,0.0,1.5
B_Skl_01,12,0,912,1522,0,1.2,1.0,0.9,0,0.5,0.0,1.0,0.0,0.0,0.0,0.0,0.0,1.5
B_Skl_01,13,0,967,1613,0,1.2,1.0,0.9,0,0.5,0.0,1.0,0.0,0.0,0.0,0.0,0.0,1.5
B_Skl_01,14,0,1025,1710,0,1.2,1.0,0.9,0,0.5,0.0,1.0,0.0,0.0,0.0,0.0,0.0,1.5
B_Skl_01,15,0,1087,1813,0,1.2,1.0,0.9,0,0.5,0.0,1.0,0.0,0.0,0.0,0.0,0.0,1.5
B_Skl_01,16,0,1152,1922,0,1.2,1.0,0.9,0,0.5,0.0,1.0,0.0,0.0,0.0,0.0,0.0,1.5
B_Skl_01,17,0,1221,2037,0,1.2,1.0,0.9,0,0.5,0.0,1.0,0.0,0.0,0.0,0.0,0.0,1.5
B_Skl_01,18,0,1294,2159,0,1.2,1.0,0.9,0,0.5,0.0,1.0,0.0,0.0,0.0,0.0,0.0,1.5
B_Skl_01,19,0,1372,2289,0,1.2,1.0,0.9,0,0.5,0.0,1.0,0.0,0.0,0.0,0.0,0.0,1.5
B_Skl_01,20,0,1454,2426,0,1.2,1.0,0.9,0,0.5,0.0,1.0,0.0,0.0,0.0,0.0,0.0,1.5
B_Skl_02,1,0,755,114,10,2.0,1.6,1.3,10,0.5,5.0,0.5,0.0,0.0,0.0,0.0,0.0,0.5
B_Skl_02,2,0,800,121,10,2.0,1.6,1.3,10,0.5,5.0,0.5,0.0,0.0,0.0,0.0,0.0,0.5
B_Skl_02,3,0,848,128,10,2.0,1.6,1.3,10,0.5,5.0,0.5,0.0,0.0,0.0,0.0,0.0,0.5
B_Skl_02,4,0,899,136,10,2.0,1.6,1.3,10,0.5,5.0,0.5,0.0,0.0,0.0,0.0,0.0,0.5
B_Skl_02,5,0,953,144,10,2.0,1.6,1.3,10,0.5,5.0,0.5,0.0,0.0,0.0,0.0,0.0,0.5
B_Skl_02,6,0,1010,153,10,2.0,1.6,1.3,10,0.5,5.0,0.5,0.0,0.0,0.0,0.0,0.0,0.5
B_Skl_02,7,0,1071,162,10,2.0,1.6,1.3,10,0.5,5.0,0.5,0.0,0.0,0.0,0.0,0.0,0.5
B_Skl_02,8,0,1135,172,10,2.0,1.6,1.3,10,0.5,5.0,0.5,0.0,0.0,0.0,0.0,0.0,0.5
B_Skl_02,9,0,1203,182,10,2.0,1.6,1.3,10,0.5,5.0,0.5,0.0,0.0,0.0,0.0,0.0,0.5
B_Skl_02,10,0,1275,193,10,2.0,1.6,1.3,10,0.5,5.0,0.5,0.0,0.0,0.0,0.0,0.0,0.5
B_Skl_02,11,0,1352,205,10,2.0,1.6,1.3,10,0.5,5.0,0.5,0.0,0.0,0.0,0.0,0.0,0.5
B_Skl_02,12,0,1433,217,10,2.0,1.6,1.3,10,0.5,5.0,0.5,0.0,0.0,0.0,0.0,0.0,0.5
B_Skl_02,13,0,1519,230,10,2.0,1.6,1.3,10,0.5,5.0,0.5,0.0,0.0,0.0,0.0,0.0,0.5
B_Skl_02,14,0,1610,244,10,2.0,1.6,1.3,10,0.5,5.0,0.5,0.0,0.0,0.0,0.0,0.0,0.5
B_Skl_02,15,0,1707,259,10,2.0,1.6,1.3,10,0.5,5.0,0.5,0.0,0.0,0.0,0.0,0.0,0.5
B_Skl_02,16,0,1809,275,10,2.0,1.6,1.3,10,0.5,5.0,0.5,0.0,0.0,0.0,0.0,0.0,0.5
B_Skl_02,17,0,1918,292,10,2.0,1.6,1.3,10,0.5,5.0,0.5,0.0,0.0,0.0,0.0,0.0,0.5
B_Skl_02,18,0,2033,310,10,2.0,1.6,1.3,10,0.5,5.0,0.5,0.0,0.0,0.0,0.0,0.0,0.5
B_Skl_02,19,0,2155,329,10,2.0,1.6,1.3,10,0.5,5.0,0.5,0.0,0.0,0.0,0.0,0.0,0.5
B_Skl_02,20,0,2284,349,10,2.0,1.6,1.3,10,0.5,5.0,0.5,0.0,0.0,0.0,0.0,0.0,0.5
B_Skl_03,1,0,664,183,10,2.5,1.7,1,10,0.5,5.0,0.0,0.0,0.0,0.0,0.0,0.0,0.0
B_Skl_03,2,0,704,194,10,2.5,1.7,1,10,0.5,5.0,0.0,0.0,0.0,0.0,0.0,0.0,0.0
B_Skl_03,3,0,746,206,10,2.5,1.7,1,10,0.5,5.0,0.0,0.0,0.0,0.0,0.0,0.0,0.0
B_Skl_03,4,0,791,218,10,2.5,1.7,1,10,0.5,5.0,0.0,0.0,0.0,0.0,0.0,0.0,0.0
B_Skl_03,5,0,838,231,10,2.5,1.7,1,10,0.5,5.0,0.0,0.0,0.0,0.0,0.0,0.0,0.0
B_Skl_03,6,0,888,245,10,2.5,1.7,1,10,0.5,5.0,0.0,0.0,0.0,0.0,0.0,0.0,0.0
B_Skl_03,7,0,941,260,10,2.5,1.7,1,10,0.5,5.0,0.0,0.0,0.0,0.0,0.0,0.0,0.0
B_Skl_03,8,0,997,276,10,2.5,1.7,1,10,0.5,5.0,0.0,0.0,0.0,0.0,0.0,0.0,0.0
B_Skl_03,9,0,1057,293,10,2.5,1.7,1,10,0.5,5.0,0.0,0.0,0.0,0.0,0.0,0.0,0.0
B_Skl_03,10,0,1120,311,10,2.5,1.7,1,10,0.5,5.0,0.0,0.0,0.0,0.0,0.0,0.0,0.0
B_Skl_03,11,0,1187,330,10,2.5,1.7,1,10,0.5,5.0,0.0,0.0,0.0,0.0,0.0,0.0,0.0
B_Skl_03,12,0,1258,350,10,2.5,1.7,1,10,0.5,5.0,0.0,0.0,0.0,0.0,0.0,0.0,0.0
B_Skl_03,13,0,1333,371,10,2.5,1.7,1,10,0.5,5.0,0.0,0.0,0.0,0.0,0.0,0.0,0.0
B_Skl_03,14,0,1413,393,10,2.5,1.7,1,10,0.5,5.0,0.0,0.0,0.0,0.0,0.0,0.0,0.0
B_Skl_03,15,0,1498,417,10,2.5,1.7,1,10,0.5,5.0,0.0,0.0,0.0,0.0,0.0,0.0,0.0
B_Skl_03,16,0,1588,442,10,2.5,1.7,1,10,0.5,5.0,0.0,0.0,0.0,0.0,0.0,0.0,0.0
B_Skl_03,17,0,1683,469,10,2.5,1.7,1,10,0.5,5.0,0.0,0.0,0.0,0.0,0.0,0.0,0.0
B_Skl_03,18,0,1784,497,10,2.5,1.7,1,10,0.5,5.0,0.0,0.0,0.0,0.0,0.0,0.0,0.0
B_Skl_03,19,0,1891,527,10,2.5,1.7,1,10,0.5,5.0,0.0,0.0,0.0,0.0,0.0,0.0,0.0
B_Skl_03,20,0,2004,559,10,2.5,1.7,1,10,0.5,5.0,0.0,0.0,0.0,0.0,0.0,0.0,0.0
A_Wrr_01,1,0,678,74,15,1.0,2.1,1,10,0.5,0.0,0.0,0.0,1.7,1.1,0.0,0.0,0.0
A_Wrr_01,2,0,719,78,15,1.0,2.1,1,10,0.5,0.0,0.0,0.0,1.7,1.1,0.0,0.0,0.0
A_Wrr_01,3,0,762,83,15,1.0,2.1,1,10,0.5,0.0,0.0,0.0,1.7,1.1,0.0,0.0,0.0
A_Wrr_01,4,0,808,88,15,1.0,2.1,1,10,0.5,0.0,0.0,0.0,1.7,1.1,0.0,0.0,0.0
A_Wrr_01,5,0,856,93,15,1.0,2.1,1,10,0.5,0.0,0.0,0.0,1.7,1.1,0.0,0.0,0.0
A_Wrr_01,6,0,907,99,15,1.0,2.1,1,10,0.5,0.0,0.0,0.0,1.7,1.1,0.0,0.0,0.0
A_Wrr_01,7,0,961,105,15,1.0,2.1,1,10,0.5,0.0,0.0,0.0,1.7,1.1,0.0,0.0,0.0
A_Wrr_01,8,0,1019,111,15,1.0,2.1,1,10,0.5,0.0,0.0,0.0,1.7,1.1,0.0,0.0,0.0
A_Wrr_01,9,0,1080,118,15,1.0,2.1,1,10,0.5,0.0,0.0,0.0,1.7,1.1,0.0,0.0,0.0
A_Wrr_01,10,0,1145,125,15,1.0,2.1,1,10,0.5,0.0,0.0,0.0,1.7,1.1,0.0,0.0,0.0
A_Wrr_01,11,0,1214,133,15,1.0,2.1,1,10,0.5,0.0,0.0,0.0,1.7,1.1,0.0,0.0,0.0
A_Wrr_01,12,0,1287,141,15,1.0,2.1,1,10,0.5,0.0,0.0,0.0,1.7,1.1,0.0,0.0,0.0
A_Wrr_01,13,0,1364,149,15,1.0,2.1,1,10,0.5,0.0,0.0,0.0,1.7,1.1,0.0,0.0,0.0
A_Wrr_01,14,0,1446,158,15,1.0,2.1,1,10,0.5,0.0,0.0,0.0,1.7,1.1,0.0,0.0,0.0
A_Wrr_01,15,0,1533,167,15,1.0,2.1,1,10,0.5,0.0,0.0,0.0,1.7,1.1,0.0,0.0,0.0
A_Wrr_01,16,0,1625,177,15,1.0,2.1,1,10,0.5,0.0,0.0,0.0,1.7,1.1,0.0,0.0,0.0
A_Wrr_01,17,0,1723,188,15,1.0,2.1,1,10,0.5,0.0,0.0,0.0,1.7,1.1,0.0,0.0,0.0
A_Wrr_01,18,0,1826,199,15,1.0,2.1,1,10,0.5,0.0,0.0,0.0,1.7,1.1,0.0,0.0,0.0
A_Wrr_01,19,0,1936,211,15,1.0,2.1,1,10,0.5,0.0,0.0,0.0,1.7,1.1,0.0,0.0,0.0
A_Wrr_01,20,0,2052,224,15,1.0,2.1,1,10,0.5,0.0,0.0,0.0,1.7,1.1,0.0,0.0,0.0
A_Wrr_02,1,0,755,52,10,1.1,1.3,1.3,10,0.5,0.0,0.0,0.0,0.4,1.5,0.0,0.0,0.0
A_Wrr_02,2,0,800,55,10,1.1,1.3,1.3,10,0.5,0.0,0.0,0.0,0.4,1.5,0.0,0.0,0.0
A_Wrr_02,3,0,848,58,10,1.1,1.3,1.3,10,0.5,0.0,0.0,0.0,0.4,1.5,0.0,0.0,0.0
A_Wrr_02,4,0,899,61,10,1.1,1.3,1.3,10,0.5,0.0,0.0,0.0,0.4,1.5,0.0,0.0,0.0
A_Wrr_02,5,0,953,65,10,1.1,1.3,1.3,10,0.5,0.0,0.0,0.0,0.4,1.5,0.0,0.0,0.0
A_Wrr_02,6,0,1010,69,10,1.1,1.3,1.3,10,0.5,0.0,0.0,0.0,0.4,1.5,0.0,0.0,0.0
A_Wrr_02,7,0,1071,73,10,1.1,1.3,1.3,10,0.5,0.0,0.0,0.0,0.4,1.5,0.0,0.0,0.0
A_Wrr_02,8,0,1135,77,10,1.1,1.3,1.3,10,0.5,0.0,0.0,0.0,0.4,1.5,0.0,0.0,0.0
A_Wrr_02,9,0,1203,82,10,1.1,1.3,1.3,10,0.5,0.0,0.0,0.0,0.4,1.5,0.0,0.0,0.0
A_Wrr_02,10,0,1275,87,10,1.1,1.3,1.3,10,0.5,0.0,0.0,0.0,0.4,1.5,0.0,0.0,0.0
A_Wrr_02,11,0,1352,92,10,1.1,1.3,1.3,10,0.5,0.0,0.0,0.0,0.4,1.5,0.0,0.0,0.0
A_Wrr_02,12,0,1433,98,10,1.1,1.3,1.3,10,0.5,0.0,0.0,0.0,0.4,1.5,0.0,0.0,0.0
A_Wrr_02,13,0,1519,104,10,1.1,1.3,1.3,10,0.5,0.0,0.0,0.0,0.4,1.5,0.0,0.0,0.0
A_Wrr_02,14,0,1610,110,10,1.1,1.3,1.3,10,0.5,0.0,0.0,0.0,0.4,1.5,0.0,0.0,0.0
A_Wrr_02,15,0,1707,117,10,1.1,1.3,1.3,10,0.5,0.0,0.0,0.0,0.4,1.5,0.0,0.0,0.0
A_Wrr_02,16,0,1809,124,10,1.1,1.3,1.3,10,0.5,0.0,0.0,0.0,0.4,1.5,0.0,0.0,0.0
A_Wrr_02,17,0,1918,131,10,1.1,1.3,1.3,10,0.5,0.0,0.0,0.0,0.4,1.5,0.0,0.0,0.0
A_Wrr_02,18,0,2033,139,10,1.1,1.3,1.3,10,0.5,0.0,0.0,0.0,0.4,1.5,0.0,0.0,0.0
A_Wrr_02,19,0,2155,147,10,1.1,1.3,1.3,10,0.5,0.0,0.0,0.0,0.4,1.5,0.0,0.0,0.0
A_Wrr_02,20,0,2284,156,10,1.1,1.3,1.3,10,0.5,0.0,0.0,0.0,0.4,1.5,0.0,0.0,0.0
A_Arch_01,1,0,524,228,5,4.0,1.8,1.3,15,0.5,0.0,0.0,0.0,0.0,0.0,0.0,0.0,0.0
A_Arch_01,2,0,555,242,5,4.0,1.8,1.3,15,0.5,0.0,0.0,0.0,0.0,0.0,0.0,0.0,0.0
A_Arch_01,3,0,588,257,5,4.0,1.8,1.3,15,0.5,0.0,0.0,0.0,0.0,0.0,0.0,0.0,0.0
A_Arch_01,4,0,623,272,5,4.0,1.8,1.3,15,0.5,0.0,0.0,0.0,0.0,0.0,0.0,0.0,0.0
A_Arch_01,5,0,660,288,5,4.0,1.8,1.3,15,0.5,0.0,0.0,0.0,0.0,0.0,0.0,0.0,0.0
A_Arch_01,6,0,700,305,5,4.0,1.8,1.3,15,0.5,0.0,0.0,0.0,0.0,0.0,0.0,0.0,0.0
A_Arch_01,7,0,742,323,5,4.0,1.8,1.3,15,0.5,0.0,0.0,0.0,0.0,0.0,0.0,0.0,0.0
A_Arch_01,8,0,787,342,5,4.0,1.8,1.3,15,0.5,0.0,0.0,0.0,0.0,0.0,0.0,0.0,0.0
A_Arch_01,9,0,834,363,5,4.0,1.8,1.3,15,0.5,0.0,0.0,0.0,0.0,0.0,0.0,0.0,0.0
A_Arch_01,10,0,884,385,5,4.0,1.8,1.3,15,0.5,0.0,0.0,0.0,0.0,0.0,0.0,0.0,0.0
A_Arch_01,11,0,937,408,5,4.0,1.8,1.3,15,0.5,0.0,0.0,0.0,0.0,0.0,0.0,0.0,0.0
A_Arch_01,12,0,993,432,5,4.0,1.8,1.3,15,0.5,0.0,0.0,0.0,0.0,0.0,0.0,0.0,0.0
A_Arch_01,13,0,1053,458,5,4.0,1.8,1.3,15,0.5,0.0,0.0,0.0,0.0,0.0,0.0,0.0,0.0
A_Arch_01,14,0,1116,485,5,4.0,1.8,1.3,15,0.5,0.0,0.0,0.0,0.0,0.0,0.0,0.0,0.0
A_Arch_01,15,0,1183,514,5,4.0,1.8,1.3,15,0.5,0.0,0.0,0.0,0.0,0.0,0.0,0.0,0.0
A_Arch_01,16,0,1254,545,5,4.0,1.8,1.3,15,0.5,0.0,0.0,0.0,0.0,0.0,0.0,0.0,0.0
A_Arch_01,17,0,1329,578,5,4.0,1.8,1.3,15,0.5,0.0,0.0,0.0,0.0,0.0,0.0,0.0,0.0
A_Arch_01,18,0,1409,613,5,4.0,1.8,1.3,15,0.5,0.0,0.0,0.0,0.0,0.0,0.0,0.0,0.0
A_Arch_01,19,0,1494,650,5,4.0,1.8,1.3,15,0.5,0.0,0.0,0.0,0.0,0.0,0.0,0.0,0.0
A_Arch_01,20,0,1584,689,5,4.0,1.8,1.3,15,0.5,0.0,0.0,0.0,0.0,0.0,0.0,0.0,0.0
A_Arch_02,1,0,476,223,5,2.8,1.7,1.5,15,0.5,0.0,0.0,0.0,3.0,0.0,0.0,0.0,0.0
A_Arch_02,2,0,505,236,5,2.8,1.7,1.5,15,0.5,0.0,0.0,0.0,3.0,0.0,0.0,0.0,0.0
A_Arch_02,3,0,535,250,5,2.8,1.7,1.5,15,0.5,0.0,0.0,0.0,3.0,0.0,0.0,0.0,0.0
A_Arch_02,4,0,567,265,5,2.8,1.7,1.5,15,0.5,0.0,0.0,0.0,3.0,0.0,0.0,0.0,0.0
A_Arch_02,5,0,601,281,5,2.8,1.7,1.5,15,0.5,0.0,0.0,0.0,3.0,0.0,0.0,0.0,0.0
A_Arch_02,6,0,637,298,5,2.8,1.7,1.5,15,0.5,0.0,0.0,0.0,3.0,0.0,0.0,0.0,0.0
A_Arch_02,7,0,675,316,5,2.8,1.7,1.5,15,0.5,0.0,0.0,0.0,3.0,0.0,0.0,0.0,0.0
A_Arch_02,8,0,716,335,5,2.8,1.7,1.5,15,0.5,0.0,0.0,0.0,3.0,0.0,0.0,0.0,0.0
A_Arch_02,9,0,759,355,5,2.8,1.7,1.5,15,0.5,0.0,0.0,0.0,3.0,0.0,0.0,0.0,0.0
A_Arch_02,10,0,805,376,5,2.8,1.7,1.5,15,0.5,0.0,0.0,0.0,3.0,0.0,0.0,0.0,0.0
A_Arch_02,11,0,853,399,5,2.8,1.7,1.5,15,0.5,0.0,0.0,0.0,3.0,0.0,0.0,0.0,0.0
A_Arch_02,12,0,904,423,5,2.8,1.7,1.5,15,0.5,0.0,0.0,0.0,3.0,0.0,0.0,0.0,0.0
A_Arch_02,13,0,958,448,5,2.8,1.7,1.5,15,0.5,0.0,0.0,0.0,3.0,0.0,0.0,0.0,0.0
A_Arch_02,14,0,1015,475,5,2.8,1.7,1.5,15,0.5,0.0,0.0,0.0,3.0,0.0,0.0,0.0,0.0
A_Arch_02,15,0,1076,504,5,2.8,1.7,1.5,15,0.5,0.0,0.0,0.0,3.0,0.0,0.0,0.0,0.0
A_Arch_02,16,0,1141,534,5,2.8,1.7,1.5,15,0.5,0.0,0.0,0.0,3.0,0.0,0.0,0.0,0.0
A_Arch_02,17,0,1209,566,5,2.8,1.7,1.5,15,0.5,0.0,0.0,0.0,3.0,0.0,0.0,0.0,0.0
A_Arch_02,18,0,1282,600,5,2.8,1.7,1.5,15,0.5,0.0,0.0,0.0,3.0,0.0,0.0,0.0,0.0
A_Arch_02,19,0,1359,636,5,2.8,1.7,1.5,15,0.5,0.0,0.0,0.0,3.0,0.0,0.0,0.0,0.0
A_Arch_02,20,0,1441,674,5,2.8,1.7,1.5,15,0.5,0.0,0.0,0.0,3.0,0.0,0.0,0.0,0.0
A_Tnk_01,1,0,844,82,35,1.1,1.0,0.8,10,0.5,0.0,1.1,0.0,0.0,0.0,0.0,0.0,0.0
A_Tnk_01,2,0,895,87,35,1.1,1.0,0.8,10,0.5,0.0,1.1,0.0,0.0,0.0,0.0,0.0,0.0
A_Tnk_01,3,0,949,92,35,1.1,1.0,0.8,10,0.5,0.0,1.1,0.0,0.0,0.0,0.0,0.0,0.0
A_Tnk_01,4,0,1006,98,35,1.1,1.0,0.8,10,0.5,0.0,1.1,0.0,0.0,0.0,0.0,0.0,0.0
A_Tnk_01,5,0,1066,104,35,1.1,1.0,0.8,10,0.5,0.0,1.1,0.0,0.0,0.0,0.0,0.0,0.0
A_Tnk_01,6,0,1130,110,35,1.1,1.0,0.8,10,0.5,0.0,1.1,0.0,0.0,0.0,0.0,0.0,0.0
A_Tnk_01,7,0,1198,117,35,1.1,1.0,0.8,10,0.5,0.0,1.1,0.0,0.0,0.0,0.0,0.0,0.0
A_Tnk_01,8,0,1270,124,35,1.1,1.0,0.8,10,0.5,0.0,1.1,0.0,0.0,0.0,0.0,0.0,0.0
A_Tnk_01,9,0,1346,131,35,1.1,1.0,0.8,10,0.5,0.0,1.1,0.0,0.0,0.0,0.0,0.0,0.0
A_Tnk_01,10,0,1427,139,35,1.1,1.0,0.8,10,0.5,0.0,1.1,0.0,0.0,0.0,0.0,0.0,0.0
A_Tnk_01,11,0,1513,147,35,1.1,1.0,0.8,10,0.5,0.0,1.1,0.0,0.0,0.0,0.0,0.0,0.0
A_Tnk_01,12,0,1604,156,35,1.1,1.0,0.8,10,0.5,0.0,1.1,0.0,0.0,0.0,0.0,0.0,0.0
A_Tnk_01,13,0,1700,165,35,1.1,1.0,0.8,10,0.5,0.0,1.1,0.0,0.0,0.0,0.0,0.0,0.0
A_Tnk_01,14,0,1802,175,35,1.1,1.0,0.8,10,0.5,0.0,1.1,0.0,0.0,0.0,0.0,0.0,0.0
A_Tnk_01,15,0,1910,186,35,1.1,1.0,0.8,10,0.5,0.0,1.1,0.0,0.0,0.0,0.0,0.0,0.0
A_Tnk_01,16,0,2025,197,35,1.1,1.0,0.8,10,0.5,0.0,1.1,0.0,0.0,0.0,0.0,0.0,0.0
A_Tnk_01,17,0,2147,209,35,1.1,1.0,0.8,10,0.5,0.0,1.1,0.0,0.0,0.0,0.0,0.0,0.0
A_Tnk_01,18,0,2276,222,35,1.1,1.0,0.8,10,0.5,0.0,1.1,0.0,0.0,0.0,0.0,0.0,0.0
A_Tnk_01,19,0,2413,235,35,1.1,1.0,0.8,10,0.5,0.0,1.1,0.0,0.0,0.0,0.0,0.0,0.0
A_Tnk_01,20,0,2558,249,35,1.1,1.0,0.8,10,0.5,0.0,1.1,0.0,0.0,0.0,0.0,0.0,0.0
A_Tnk_02,1,0,952,172,25,1.1,2.1,0.8,10,0.5,0.0,0.0,0.0,4.0,0.0,0.0,0.0,0.0
A_Tnk_02,2,0,1009,182,25,1.1,2.1,0.8,10,0.5,0.0,0.0,0.0,4.0,0.0,0.0,0.0,0.0
A_Tnk_02,3,0,1070,193,25,1.1,2.1,0.8,10,0.5,0.0,0.0,0.0,4.0,0.0,0.0,0.0,0.0
A_Tnk_02,4,0,1134,205,25,1.1,2.1,0.8,10,0.5,0.0,0.0,0.0,4.0,0.0,0.0,0.0,0.0
A_Tnk_02,5,0,1202,217,25,1.1,2.1,0.8,10,0.5,0.0,0.0,0.0,4.0,0.0,0.0,0.0,0.0
A_Tnk_02,6,0,1274,230,25,1.1,2.1,0.8,10,0.5,0.0,0.0,0.0,4.0,0.0,0.0,0.0,0.0
A_Tnk_02,7,0,1350,244,25,1.1,2.1,0.8,10,0.5,0.0,0.0,0.0,4.0,0.0,0.0,0.0,0.0
A_Tnk_02,8,0,1431,259,25,1.1,2.1,0.8,10,0.5,0.0,0.0,0.0,4.0,0.0,0.0,0.0,0.0
A_Tnk_02,9,0,1517,275,25,1.1,2.1,0.8,10,0.5,0.0,0.0,0.0,4.0,0.0,0.0,0.0,0.0
A_Tnk_02,10,0,1608,292,25,1.1,2.1,0.8,10,0.5,0.0,0.0,0.0,4.0,0.0,0.0,0.0,0.0
A_Tnk_02,11,0,1704,310,25,1.1,2.1,0.8,10,0.5,0.0,0.0,0.0,4.0,0.0,0.0,0.0,0.0
A_Tnk_02,12,0,1806,329,25,1.1,2.1,0.8,10,0.5,0.0,0.0,0.0,4.0,0.0,0.0,0.0,0.0
A_Tnk_02,13,0,1914,349,25,1.1,2.1,0.8,10,0.5,0.0,0.0,0.0,4.0,0.0,0.0,0.0,0.0
A_Tnk_02,14,0,2029,370,25,1.1,2.1,0.8,10,0.5,0.0,0.0,0.0,4.0,0.0,0.0,0.0,0.0
A_Tnk_02,15,0,2151,392,25,1.1,2.1,0.8,10,0.5,0.0,0.0,0.0,4.0,0.0,0.0,0.0,0.0
A_Tnk_02,16,0,2280,416,25,1.1,2.1,0.8,10,0.5,0.0,0.0,0.0,4.0,0.0,0.0,0.0,0.0
A_Tnk_02,17,0,2417,441,25,1.1,2.1,0.8,10,0.5,0.0,0.0,0.0,4.0,0.0,0.0,0.0,0.0
A_Tnk_02,18,0,2562,467,25,1.1,2.1,0.8,10,0.5,0.0,0.0,0.0,4.0,0.0,0.0,0.0,0.0
A_Tnk_02,19,0,2716,495,25,1.1,2.1,0.8,10,0.5,0.0,0.0,0.0,4.0,0.0,0.0,0.0,0.0
A_Tnk_02,20,0,2879,525,25,1.1,2.1,0.8,10,0.5,0.0,0.0,0.0,4.0,0.0,0.0,0.0,0.0
A_Skl_01,1,0,645,83,10,1.2,1.5,1,10,0.5,0.0,0.0,0.0,0.2,0.0,0.0,0.0,0.0
A_Skl_01,2,0,684,88,10,1.2,1.5,1,10,0.5,0.0,0.0,0.0,0.2,0.0,0.0,0.0,0.0
A_Skl_01,3,0,725,93,10,1.2,1.5,1,10,0.5,0.0,0.0,0.0,0.2,0.0,0.0,0.0,0.0
A_Skl_01,4,0,769,99,10,1.2,1.5,1,10,0.5,0.0,0.0,0.0,0.2,0.0,0.0,0.0,0.0
A_Skl_01,5,0,815,105,10,1.2,1.5,1,10,0.5,0.0,0.0,0.0,0.2,0.0,0.0,0.0,0.0
A_Skl_01,6,0,864,111,10,1.2,1.5,1,10,0.5,0.0,0.0,0.0,0.2,0.0,0.0,0.0,0.0
A_Skl_01,7,0,916,118,10,1.2,1.5,1,10,0.5,0.0,0.0,0.0,0.2,0.0,0.0,0.0,0.0
A_Skl_01,8,0,971,125,10,1.2,1.5,1,10,0.5,0.0,0.0,0.0,0.2,0.0,0.0,0.0,0.0
A_Skl_01,9,0,1029,133,10,1.2,1.5,1,10,0.5,0.0,0.0,0.0,0.2,0.0,0.0,0.0,0.0
A_Skl_01,10,0,1091,141,10,1.2,1.5,1,10,0.5,0.0,0.0,0.0,0.2,0.0,0.0,0.0,0.0
A_Skl_01,11,0,1156,149,10,1.2,1.5,1,10,0.5,0.0,0.0,0.0,0.2,0.0,0.0,0.0,0.0
A_Skl_01,12,0,1225,158,10,1.2,1.5,1,10,0.5,0.0,0.0,0.0,0.2,0.0,0.0,0.0,0.0
A_Skl_01,13,0,1299,167,10,1.2,1.5,1,10,0.5,0.0,0.0,0.0,0.2,0.0,0.0,0.0,0.0
A_Skl_01,14,0,1377,177,10,1.2,1.5,1,10,0.5,0.0,0.0,0.0,0.2,0.0,0.0,0.0,0.0
A_Skl_01,15,0,1460,188,10,1.2,1.5,1,10,0.5,0.0,0.0,0.0,0.2,0.0,0.0,0.0,0.0
A_Skl_01,16,0,1548,199,10,1.2,1.5,1,10,0.5,0.0,0.0,0.0,0.2,0.0,0.0,0.0,0.0
A_Skl_01,17,0,1641,211,10,1.2,1.5,1,10,0.5,0.0,0.0,0.0,0.2,0.0,0.0,0.0,0.0
A_Skl_01,18,0,1739,224,10,1.2,1.5,1,10,0.5,0.0,0.0,0.0,0.2,0.0,0.0,0.0,0.0
A_Skl_01,19,0,1843,237,10,1.2,1.5,1,10,0.5,0.0,0.0,0.0,0.2,0.0,0.0,0.0,0.0
A_Skl_01,20,0,1954,251,10,1.2,1.5,1,10,0.5,0.0,0.0,0.0,0.2,0.0,0.0,0.0,0.0
A_Skl_02,1,0,691,188,10,1.2,1.7,1.3,10,0.5,0.0,0.0,0.0,1.0,0.0,0.0,0.0,0.0
A_Skl_02,2,0,732,199,10,1.2,1.7,1.3,10,0.5,0.0,0.0,0.0,1.0,0.0,0.0,0.0,0.0
A_Skl_02,3,0,776,211,10,1.2,1.7,1.3,10,0.5,0.0,0.0,0.0,1.0,0.0,0.0,0.0,0.0
A_Skl_02,4,0,823,224,10,1.2,1.7,1.3,10,0.5,0.0,0.0,0.0,1.0,0.0,0.0,0.0,0.0
A_Skl_02,5,0,872,237,10,1.2,1.7,1.3,10,0.5,0.0,0.0,0.0,1.0,0.0,0.0,0.0,0.0
A_Skl_02,6,0,924,251,10,1.2,1.7,1.3,10,0.5,0.0,0.0,0.0,1.0,0.0,0.0,0.0,0.0
A_Skl_02,7,0,979,266,10,1.2,1.7,1.3,10,0.5,0.0,0.0,0.0,1.0,0.0,0.0,0.0,0.0
A_Skl_02,8,0,1038,282,10,1.2,1.7,1.3,10,0.5,0.0,0.0,0.0,1.0,0.0,0.0,0.0,0.0
A_Skl_02,9,0,1100,299,10,1.2,1.7,1.3,10,0.5,0.0,0.0,0.0,1.0,0.0,0.0,0.0,0.0
A_Skl_02,10,0,1166,317,10,1.2,1.7,1.3,10,0.5,0.0,0.0,0.0,1.0,0.0,0.0,0.0,0.0
A_Skl_02,11,0,1236,336,10,1.2,1.7,1.3,10,0.5,0.0,0.0,0.0,1.0,0.0,0.0,0.0,0.0
A_Skl_02,12,0,1310,356,10,1.2,1.7,1.3,10,0.5,0.0,0.0,0.0,1.0,0.0,0.0,0.0,0.0
A_Skl_02,13,0,1389,377,10,1.2,1.7,1.3,10,0.5,0.0,0.0,0.0,1.0,0.0,0.0,0.0,0.0
A_Skl_02,14,0,1472,400,10,1.2,1.7,1.3,10,0.5,0.0,0.0,0.0,1.0,0.0,0.0,0.0,0.0
A_Skl_02,15,0,1560,424,10,1.2,1.7,1.3,10,0.5,0.0,0.0,0.0,1.0,0.0,0.0,0.0,0.0
A_Skl_02,16,0,1654,449,10,1.2,1.7,1.3,10,0.5,0.0,0.0,0.0,1.0,0.0,0.0,0.0,0.0
A_Skl_02,17,0,1753,476,10,1.2,1.7,1.3,10,0.5,0.0,0.0,0.0,1.0,0.0,0.0,0.0,0.0
A_Skl_02,18,0,1858,505,10,1.2,1.7,1.3,10,0.5,0.0,0.0,0.0,1.0,0.0,0.0,0.0,0.0
A_Skl_02,19,0,1969,535,10,1.2,1.7,1.3,10,0.5,0.0,0.0,0.0,1.0,0.0,0.0,0.0,0.0
A_Skl_02,20,0,2087,567,10,1.2,1.7,1.3,10,0.5,0.0,0.0,0.0,1.0,0.0,0.0,0.0,0.0
A_Skl_03,1,0,533,316,5,4.0,3.0,0.8,20,0.5,0.0,1.0,0.0,0.0,0.0,0.0,0.0,1.0
A_Skl_03,2,0,565,335,5,4.0,3.0,0.8,20,0.5,0.0,1.0,0.0,0.0,0.0,0.0,0.0,1.0
A_Skl_03,3,0,599,355,5,4.0,3.0,0.8,20,0.5,0.0,1.0,0.0,0.0,0.0,0.0,0.0,1.0
A_Skl_03,4,0,635,376,5,4.0,3.0,0.8,20,0.5,0.0,1.0,0.0,0.0,0.0,0.0,0.0,1.0
A_Skl_03,5,0,673,399,5,4.0,3.0,0.8,20,0.5,0.0,1.0,0.0,0.0,0.0,0.0,0.0,1.0
A_Skl_03,6,0,713,423,5,4.0,3.0,0.8,20,0.5,0.0,1.0,0.0,0.0,0.0,0.0,0.0,1.0
A_Skl_03,7,0,756,448,5,4.0,3.0,0.8,20,0.5,0.0,1.0,0.0,0.0,0.0,0.0,0.0,1.0
A_Skl_03,8,0,801,475,5,4.0,3.0,0.8,20,0.5,0.0,1.0,0.0,0.0,0.0,0.0,0.0,1.0
A_Skl_03,9,0,849,504,5,4.0,3.0,0.8,20,0.5,0.0,1.0,0.0,0.0,0.0,0.0,0.0,1.0
A_Skl_03,10,0,900,534,5,4.0,3.0,0.8,20,0.5,0.0,1.0,0.0,0.0,0.0,0.0,0.0,1.0
A_Skl_03,11,0,954,566,5,4.0,3.0,0.8,20,0.5,0.0,1.0,0.0,0.0,0.0,0.0,0.0,1.0
A_Skl_03,12,0,1011,600,5,4.0,3.0,0.8,20,0.5,0.0,1.0,0.0,0.0,0.0,0.0,0.0,1.0
A_Skl_03,13,0,1072,636,5,4.0,3.0,0.8,20,0.5,0.0,1.0,0.0,0.0,0.0,0.0,0.0,1.0
A_Skl_03,14,0,1136,674,5,4.0,3.0,0.8,20,0.5,0.0,1.0,0.0,0.0,0.0,0.0,0.0,1.0
A_Skl_03,15,0,1204,714,5,4.0,3.0,0.8,20,0.5,0.0,1.0,0.0,0.0,0.0,0.0,0.0,1.0
A_Skl_03,16,0,1276,757,5,4.0,3.0,0.8,20,0.5,0.0,1.0,0.0,0.0,0.0,0.0,0.0,1.0
A_Skl_03,17,0,1353,802,5,4.0,3.0,0.8,20,0.5,0.0,1.0,0.0,0.0,0.0,0.0,0.0,1.0
A_Skl_03,18,0,1434,850,5,4.0,3.0,0.8,20,0.5,0.0,1.0,0.0,0.0,0.0,0.0,0.0,1.0
A_Skl_03,19,0,1520,901,5,4.0,3.0,0.8,20,0.5,0.0,1.0,0.0,0.0,0.0,0.0,0.0,1.0
A_Skl_03,20,0,1611,955,5,4.0,3.0,0.8,20,0.5,0.0,1.0,0.0,0.0,0.0,0.0,0.0,1.0
S_Wrr_01,1,0,683,174,20,2.5,1.7,1,25,0.5,0.0,0.0,0.0,0.5,0.0,0.0,0.0,0.0
S_Wrr_01,2,0,724,184,20,2.5,1.7,1,25,0.5,0.0,0.0,0.0,0.5,0.0,0.0,0.0,0.0
S_Wrr_01,3,0,767,195,20,2.5,1.7,1,25,0.5,0.0,0.0,0.0,0.5,0.0,0.0,0.0,0.0
S_Wrr_01,4,0,813,207,20,2.5,1.7,1,25,0.5,0.0,0.0,0.0,0.5,0.0,0.0,0.0,0.0
S_Wrr_01,5,0,862,219,20,2.5,1.7,1,25,0.5,0.0,0.0,0.0,0.5,0.0,0.0,0.0,0.0
S_Wrr_01,6,0,914,232,20,2.5,1.7,1,25,0.5,0.0,0.0,0.0,0.5,0.0,0.0,0.0,0.0
S_Wrr_01,7,0,969,246,20,2.5,1.7,1,25,0.5,0.0,0.0,0.0,0.5,0.0,0.0,0.0,0.0
S_Wrr_01,8,0,1027,261,20,2.5,1.7,1,25,0.5,0.0,0.0,0.0,0.5,0.0,0.0,0.0,0.0
S_Wrr_01,9,0,1089,277,20,2.5,1.7,1,25,0.5,0.0,0.0,0.0,0.5,0.0,0.0,0.0,0.0
S_Wrr_01,10,0,1154,294,20,2.5,1.7,1,25,0.5,0.0,0.0,0.0,0.5,0.0,0.0,0.0,0.0
S_Wrr_01,11,0,1223,312,20,2.5,1.7,1,25,0.5,0.0,0.0,0.0,0.5,0.0,0.0,0.0,0.0
S_Wrr_01,12,0,1296,331,20,2.5,1.7,1,25,0.5,0.0,0.0,0.0,0.5,0.0,0.0,0.0,0.0
S_Wrr_01,13,0,1374,351,20,2.5,1.7,1,25,0.5,0.0,0.0,0.0,0.5,0.0,0.0,0.0,0.0
S_Wrr_01,14,0,1456,372,20,2.5,1.7,1,25,0.5,0.0,0.0,0.0,0.5,0.0,0.0,0.0,0.0
S_Wrr_01,15,0,1543,394,20,2.5,1.7,1,25,0.5,0.0,0.0,0.0,0.5,0.0,0.0,0.0,0.0
S_Wrr_01,16,0,1636,418,20,2.5,1.7,1,25,0.5,0.0,0.0,0.0,0.5,0.0,0.0,0.0,0.0
S_Wrr_01,17,0,1734,443,20,2.5,1.7,1,25,0.5,0.0,0.0,0.0,0.5,0.0,0.0,0.0,0.0
S_Wrr_01,18,0,1838,470,20,2.5,1.7,1,25,0.5,0.0,0.0,0.0,0.5,0.0,0.0,0.0,0.0
S_Wrr_01,19,0,1948,498,20,2.5,1.7,1,25,0.5,0.0,0.0,0.0,0.5,0.0,0.0,0.0,0.0
S_Wrr_01,20,0,2065,528,20,2.5,1.7,1,25,0.5,0.0,0.0,0.0,0.5,0.0,0.0,0.0,0.0
S_Arch_01,1,0,562,68,5,3.0,1.0,1,15,0.5,0.0,0.0,0.0,5.5,0.5,0.0,0.0,0.0
S_Arch_01,2,0,596,72,5,3.0,1.0,1,15,0.5,0.0,0.0,0.0,5.5,0.5,0.0,0.0,0.0
S_Arch_01,3,0,632,76,5,3.0,1.0,1,15,0.5,0.0,0.0,0.0,5.5,0.5,0.0,0.0,0.0
S_Arch_01,4,0,670,81,5,3.0,1.0,1,15,0.5,0.0,0.0,0.0,5.5,0.5,0.0,0.0,0.0
S_Arch_01,5,0,710,86,5,3.0,1.0,1,15,0.5,0.0,0.0,0.0,5.5,0.5,0.0,0.0,0.0
S_Arch_01,6,0,753,91,5,3.0,1.0,1,15,0.5,0.0,0.0,0.0,5.5,0.5,0.0,0.0,0.0
S_Arch_01,7,0,798,96,5,3.0,1.0,1,15,0.5,0.0,0.0,0.0,5.5,0.5,0.0,0.0,0.0
S_Arch_01,8,0,846,102,5,3.0,1.0,1,15,0.5,0.0,0.0,0.0,5.5,0.5,0.0,0.0,0.0
S_Arch_01,9,0,897,108,5,3.0,1.0,1,15,0.5,0.0,0.0,0.0,5.5,0.5,0.0,0.0,0.0
S_Arch_01,10,0,951,114,5,3.0,1.0,1,15,0.5,0.0,0.0,0.0,5.5,0.5,0.0,0.0,0.0
S_Arch_01,11,0,1008,121,5,3.0,1.0,1,15,0.5,0.0,0.0,0.0,5.5,0.5,0.0,0.0,0.0
S_Arch_01,12,0,1068,128,5,3.0,1.0,1,15,0.5,0.0,0.0,0.0,5.5,0.5,0.0,0.0,0.0
S_Arch_01,13,0,1132,136,5,3.0,1.0,1,15,0.5,0.0,0.0,0.0,5.5,0.5,0.0,0.0,0.0
S_Arch_01,14,0,1200,144,5,3.0,1.0,1,15,0.5,0.0,0.0,0.0,5.5,0.5,0.0,0.0,0.0
S_Arch_01,15,0,1272,153,5,3.0,1.0,1,15,0.5,0.0,0.0,0.0,5.5,0.5,0.0,0.0,0.0
S_Arch_01,16,0,1348,162,5,3.0,1.0,1,15,0.5,0.0,0.0,0.0,5.5,0.5,0.0,0.0,0.0
S_Arch_01,17,0,1429,172,5,3.0,1.0,1,15,0.5,0.0,0.0,0.0,5.5,0.5,0.0,0.0,0.0
S_Arch_01,18,0,1515,182,5,3.0,1.0,1,15,0.5,0.0,0.0,0.0,5.5,0.5,0.0,0.0,0.0
S_Arch_01,19,0,1606,193,5,3.0,1.0,1,15,0.5,0.0,0.0,0.0,5.5,0.5,0.0,0.0,0.0
S_Arch_01,20,0,1702,205,5,3.0,1.0,1,15,0.5,0.0,0.0,0.0,5.5,0.5,0.0,0.0,0.0
S_Tnk_01,1,0,2157,229,25,1.1,3.0,1.5,10,0.5,0.0,0.0,0.0,0.7,70.0,0.0,0.0,0.0
S_Tnk_01,2,0,2286,243,25,1.1,3.0,1.5,10,0.5,0.0,0.0,0.0,0.7,70.0,0.0,0.0,0.0
S_Tnk_01,3,0,2423,258,25,1.1,3.0,1.5,10,0.5,0.0,0.0,0.0,0.7,70.0,0.0,0.0,0.0
S_Tnk_01,4,0,2568,273,25,1.1,3.0,1.5,10,0.5,0.0,0.0,0.0,0.7,70.0,0.0,0.0,0.0
S_Tnk_01,5,0,2722,289,25,1.1,3.0,1.5,10,0.5,0.0,0.0,0.0,0.7,70.0,0.0,0.0,0.0
S_Tnk_01,6,0,2885,306,25,1.1,3.0,1.5,10,0.5,0.0,0.0,0.0,0.7,70.0,0.0,0.0,0.0
S_Tnk_01,7,0,3058,324,25,1.1,3.0,1.5,10,0.5,0.0,0.0,0.0,0.7,70.0,0.0,0.0,0.0
S_Tnk_01,8,0,3241,343,25,1.1,3.0,1.5,10,0.5,0.0,0.0,0.0,0.7,70.0,0.0,0.0,0.0
S_Tnk_01,9,0,3435,364,25,1.1,3.0,1.5,10,0.5,0.0,0.0,0.0,0.7,70.0,0.0,0.0,0.0
S_Tnk_01,10,0,3641,386,25,1.1,3.0,1.5,10,0.5,0.0,0.0,0.0,0.7,70.0,0.0,0.0,0.0
S_Tnk_01,11,0,3859,409,25,1.1,3.0,1.5,10,0.5,0.0,0.0,0.0,0.7,70.0,0.0,0.0,0.0
S_Tnk_01,12,0,4091,434,25,1.1,3.0,1.5,10,0.5,0.0,0.0,0.0,0.7,70.0,0.0,0.0,0.0
S_Tnk_01,13,0,4336,460,25,1.1,3.0,1.5,10,0.5,0.0,0.0,0.0,0.7,70.0,0.0,0.0,0.0
S_Tnk_01,14,0,4596,488,25,1.1,3.0,1.5,10,0.5,0.0,0.0,0.0,0.7,70.0,0.0,0.0,0.0
S_Tnk_01,15,0,4872,517,25,1.1,3.0,1.5,10,0.5,0.0,0.0,0.0,0.7,70.0,0.0,0.0,0.0
S_Tnk_01,16,0,5164,548,25,1.1,3.0,1.5,10,0.5,0.0,0.0,0.0,0.7,70.0,0.0,0.0,0.0
S_Tnk_01,17,0,5474,581,25,1.1,3.0,1.5,10,0.5,0.0,0.0,0.0,0.7,70.0,0.0,0.0,0.0
S_Tnk_01,18,0,5802,616,25,1.1,3.0,1.5,10,0.5,0.0,0.0,0.0,0.7,70.0,0.0,0.0,0.0
S_Tnk_01,19,0,6150,653,25,1.1,3.0,1.5,10,0.5,0.0,0.0,0.0,0.7,70.0,0.0,0.0,0.0
S_Tnk_01,20,0,6519,692,25,1.1,3.0,1.5,10,0.5,0.0,0.0,0.0,0.7,70.0,0.0,0.0,0.0
S_Skl_01,1,0,682,73,10,2.5,1.4,1,10,0.5,0.0,1.9,0.0,0.5,0.3,2.0,0.0,0.0
S_Skl_01,2,0,723,77,10,2.5,1.4,1,10,0.5,0.0,1.9,0.0,0.5,0.3,2.0,0.0,0.0
S_Skl_01,3,0,766,82,10,2.5,1.4,1,10,0.5,0.0,1.9,0.0,0.5,0.3,2.0,0.0,0.0
S_Skl_01,4,0,812,87,10,2.5,1.4,1,10,0.5,0.0,1.9,0.0,0.5,0.3,2.0,0.0,0.0
S_Skl_01,5,0,861,92,10,2.5,1.4,1,10,0.5,0.0,1.9,0.0,0.5,0.3,2.0,0.0,0.0
S_Skl_01,6,0,913,98,10,2.5,1.4,1,10,0.5,0.0,1.9,0.0,0.5,0.3,2.0,0.0,0.0
S_Skl_01,7,0,968,104,10,2.5,1.4,1,10,0.5,0.0,1.9,0.0,0.5,0.3,2.0,0.0,0.0
S_Skl_01,8,0,1026,110,10,2.5,1.4,1,10,0.5,0.0,1.9,0.0,0.5,0.3,2.0,0.0,0.0
S_Skl_01,9,0,1088,117,10,2.5,1.4,1,10,0.5,0.0,1.9,0.0,0.5,0.3,2.0,0.0,0.0
S_Skl_01,10,0,1153,124,10,2.5,1.4,1,10,0.5,0.0,1.9,0.0,0.5,0.3,2.0,0.0,0.0
S_Skl_01,11,0,1222,131,10,2.5,1.4,1,10,0.5,0.0,1.9,0.0,0.5,0.3,2.0,0.0,0.0
S_Skl_01,12,0,1295,139,10,2.5,1.4,1,10,0.5,0.0,1.9,0.0,0.5,0.3,2.0,0.0,0.0
S_Skl_01,13,0,1373,147,10,2.5,1.4,1,10,0.5,0.0,1.9,0.0,0.5,0.3,2.0,0.0,0.0
S_Skl_01,14,0,1455,156,10,2.5,1.4,1,10,0.5,0.0,1.9,0.0,0.5,0.3,2.0,0.0,0.0
S_Skl_01,15,0,1542,165,10,2.5,1.4,1,10,0.5,0.0,1.9,0.0,0.5,0.3,2.0,0.0,0.0
S_Skl_01,16,0,1635,175,10,2.5,1.4,1,10,0.5,0.0,1.9,0.0,0.5,0.3,2.0,0.0,0.0
S_Skl_01,17,0,1733,186,10,2.5,1.4,1,10,0.5,0.0,1.9,0.0,0.5,0.3,2.0,0.0,0.0
S_Skl_01,18,0,1837,197,10,2.5,1.4,1,10,0.5,0.0,1.9,0.0,0.5,0.3,2.0,0.0,0.0
S_Skl_01,19,0,1947,209,10,2.5,1.4,1,10,0.5,0.0,1.9,0.0,0.5,0.3,2.0,0.0,0.0
S_Skl_01,20,0,2064,222,10,2.5,1.4,1,10,0.5,0.0,1.9,0.0,0.5,0.3,2.0,0.0,0.0
C_Wrr_03,1,0,626,103,15,1.1,1.2,1.3,0.1,0.5,0.0,0.0,0.0,0.0,0.0,0.0,0.0,0.0
C_Wrr_03,2,0,664,109,15,1.1,1.2,1.3,0.1,0.5,0.0,0.0,0.0,0.0,0.0,0.0,0.0,0.0
C_Wrr_03,3,0,704,116,15,1.1,1.2,1.3,0.1,0.5,0.0,0.0,0.0,0.0,0.0,0.0,0.0,0.0
C_Wrr_03,4,0,746,123,15,1.1,1.2,1.3,0.1,0.5,0.0,0.0,0.0,0.0,0.0,0.0,0.0,0.0
C_Wrr_03,5,0,791,130,15,1.1,1.2,1.3,0.1,0.5,0.0,0.0,0.0,0.0,0.0,0.0,0.0,0.0
C_Wrr_03,6,0,838,138,15,1.1,1.2,1.3,0.1,0.5,0.0,0.0,0.0,0.0,0.0,0.0,0.0,0.0
C_Wrr_03,7,0,888,146,15,1.1,1.2,1.3,0.1,0.5,0.0,0.0,0.0,0.0,0.0,0.0,0.0,0.0
C_Wrr_03,8,0,941,155,15,1.1,1.2,1.3,0.1,0.5,0.0,0.0,0.0,0.0,0.0,0.0,0.0,0.0
C_Wrr_03,9,0,997,164,15,1.1,1.2,1.3,0.1,0.5,0.0,0.0,0.0,0.0,0.0,0.0,0.0,0.0
C_Wrr_03,10,0,1057,174,15,1.1,1.2,1.3,0.1,0.5,0.0,0.0,0.0,0.0,0.0,0.0,0.0,0.0
C_Wrr_03,11,0,1120,184,15,1.1,1.2,1.3,0.1,0.5,0.0,0.0,0.0,0.0,0.0,0.0,0.0,0.0
C_Wrr_03,12,0,1187,195,15,1.1,1.2,1.3,0.1,0.5,0.0,0.0,0.0,0.0,0.0,0.0,0.0,0.0
C_Wrr_03,13,0,1258,207,15,1.1,1.2,1.3,0.1,0.5,0.0,0.0,0.0,0.0,0.0,0.0,0.0,0.0
C_Wrr_03,14,0,1333,219,15,1.1,1.2,1.3,0.1,0.5,0.0,0.0,0.0,0.0,0.0,0.0,0.0,0.0
C_Wrr_03,15,0,1413,232,15,1.1,1.2,1.3,0.1,0.5,0.0,0.0,0.0,0.0,0.0,0.0,0.0,0.0
C_Wrr_03,16,0,1498,246,15,1.1,1.2,1.3,0.1,0.5,0.0,0.0,0.0,0.0,0.0,0.0,0.0,0.0
C_Wrr_03,17,0,1588,261,15,1.1,1.2,1.3,0.1,0.5,0.0,0.0,0.0,0.0,0.0,0.0,0.0,0.0
C_Wrr_03,18,0,1683,277,15,1.1,1.2,1.3,0.1,0.5,0.0,0.0,0.0,0.0,0.0,0.0,0.0,0.0
C_Wrr_03,19,0,1784,294,15,1.1,1.2,1.3,0.1,0.5,0.0,0.0,0.0,0.0,0.0,0.0,0.0,0.0
C_Wrr_03,20,0,1891,312,15,1.1,1.2,1.3,0.1,0.5,0.0,0.0,0.0,0.0,0.0,0.0,0.0,0.0
C_Arch_03,1,0,562,108,5,2.9,1.1,1.2,0.2,0.5,0.0,0.0,0.0,0.0,0.0,0.0,0.0,0.0
C_Arch_03,2,0,596,114,5,2.9,1.1,1.2,0.2,0.5,0.0,0.0,0.0,0.0,0.0,0.0,0.0,0.0
C_Arch_03,3,0,632,121,5,2.9,1.1,1.2,0.2,0.5,0.0,0.0,0.0,0.0,0.0,0.0,0.0,0.0
C_Arch_03,4,0,670,128,5,2.9,1.1,1.2,0.2,0.5,0.0,0.0,0.0,0.0,0.0,0.0,0.0,0.0
C_Arch_03,5,0,710,136,5,2.9,1.1,1.2,0.2,0.5,0.0,0.0,0.0,0.0,0.0,0.0,0.0,0.0
C_Arch_03,6,0,753,144,5,2.9,1.1,1.2,0.2,0.5,0.0,0.0,0.0,0.0,0.0,0.0,0.0,0.0
C_Arch_03,7,0,798,153,5,2.9,1.1,1.2,0.2,0.5,0.0,0.0,0.0,0.0,0.0,0.0,0.0,0.0
C_Arch_03,8,0,846,162,5,2.9,1.1,1.2,0.2,0.5,0.0,0.0,0.0,0.0,0.0,0.0,0.0,0.0
C_Arch_03,9,0,897,172,5,2.9,1.1,1.2,0.2,0.5,0.0,0.0,0.0,0.0,0.0,0.0,0.0,0.0
C_Arch_03,10,0,951,182,5,2.9,1.1,1.2,0.2,0.5,0.0,0.0,0.0,0.0,0.0,0.0,0.0,0.0
C_Arch_03,11,0,1008,193,5,2.9,1.1,1.2,0.2,0.5,0.0,0.0,0.0,0.0,0.0,0.0,0.0,0.0
C_Arch_03,12,0,1068,205,5,2.9,1.1,1.2,0.2,0.5,0.0,0.0,0.0,0.0,0.0,0.0,0.0,0.0
C_Arch_03,13,0,1132,217,5,2.9,1.1,1.2,0.2,0.5,0.0,0.0,0.0,0.0,0.0,0.0,0.0,0.0
C_Arch_03,14,0,1200,230,5,2.9,1.1,1.2,0.2,0.5,0.0,0.0,0.0,0.0,0.0,0.0,0.0,0.0
C_Arch_03,15,0,1272,244,5,2.9,1.1,1.2,0.2,0.5,0.0,0.0,0.0,0.0,0.0,0.0,0.0,0.0
C_Arch_03,16,0,1348,259,5,2.9,1.1,1.2,0.2,0.5,0.0,0.0,0.0,0.0,0.0,0.0,0.0,0.0
C_Arch_03,17,0,1429,275,5,2.9,1.1,1.2,0.2,0.5,0.0,0.0,0.0,0.0,0.0,0.0,0.0,0.0
C_Arch_03,18,0,1515,292,5,2.9,1.1,1.2,0.2,0.5,0.0,0.0,0.0,0.0,0.0,0.0,0.0,0.0
C_Arch_03,19,0,1606,310,5,2.9,1.1,1.2,0.2,0.5,0.0,0.0,0.0,0.0,0.0,0.0,0.0,0.0
C_Arch_03,20,0,1702,329,5,2.9,1.1,1.2,0.2,0.5,0.0,0.0,0.0,0.0,0.0,0.0,0.0,0.0
C_Tnk_03,1,0,605,102,35,1.0,1.5,0.9,0,0.5,0.0,0.0,0.0,0.0,0.0,0.0,0.0,0.0
C_Tnk_03,2,0,641,108,35,1.0,1.5,0.9,0,0.5,0.0,0.0,0.0,0.0,0.0,0.0,0.0,0.0
C_Tnk_03,3,0,679,114,35,1.0,1.5,0.9,0,0.5,0.0,0.0,0.0,0.0,0.0,0.0,0.0,0.0
C_Tnk_03,4,0,720,121,35,1.0,1.5,0.9,0,0.5,0.0,0.0,0.0,0.0,0.0,0.0,0.0,0.0
C_Tnk_03,5,0,763,128,35,1.0,1.5,0.9,0,0.5,0.0,0.0,0.0,0.0,0.0,0.0,0.0,0.0
C_Tnk_03,6,0,809,136,35,1.0,1.5,0.9,0,0.5,0.0,0.0,0.0,0.0,0.0,0.0,0.0,0.0
C_Tnk_03,7,0,858,144,35,1.0,1.5,0.9,0,0.5,0.0,0.0,0.0,0.0,0.0,0.0,0.0,0.0
C_Tnk_03,8,0,909,153,35,1.0,1.5,0.9,0,0.5,0.0,0.0,0.0,0.0,0.0,0.0,0.0,0.0
C_Tnk_03,9,0,964,162,35,1.0,1.5,0.9,0,0.5,0.0,0.0,0.0,0.0,0.0,0.0,0.0,0.0
C_Tnk_03,10,0,1022,172,35,1.0,1.5,0.9,0,0.5,0.0,0.0,0.0,0.0,0.0,0.0,0.0,0.0
C_Tnk_03,11,0,1083,182,35,1.0,1.5,0.9,0,0.5,0.0,0.0,0.0,0.0,0.0,0.0,0.0,0.0
C_Tnk_03,12,0,1148,193,35,1.0,1.5,0.9,0,0.5,0.0,0.0,0.0,0.0,0.0,0.0,0.0,0.0
C_Tnk_03,13,0,1217,205,35,1.0,1.5,0.9,0,0.5,0.0,0.0,0.0,0.0,0.0,0.0,0.0,0.0
C_Tnk_03,14,0,1290,217,35,1.0,1.5,0.9,0,0.5,0.0,0.0,0.0,0.0,0.0,0.0,0.0,0.0
C_Tnk_03,15,0,1367,230,35,1.0,1.5,0.9,0,0.5,0.0,0.0,0.0,0.0,0.0,0.0,0.0,0.0
C_Tnk_03,16,0,1449,244,35,1.0,1.5,0.9,0,0.5,0.0,0.0,0.0,0.0,0.0,0.0,0.0,0.0
C_Tnk_03,17,0,1536,259,35,1.0,1.5,0.9,0,0.5,0.0,0.0,0.0,0.0,0.0,0.0,0.0,0.0
C_Tnk_03,18,0,1628,275,35,1.0,1.5,0.9,0,0.5,0.0,0.0,0.0,0.0,0.0,0.0,0.0,0.0
C_Tnk_03,19,0,1726,292,35,1.0,1.5,0.9,0,0.5,0.0,0.0,0.0,0.0,0.0,0.0,0.0,0.0
C_Tnk_03,20,0,1830,310,35,1.0,1.5,0.9,0,0.5,0.0,0.0,0.0,0.0,0.0,0.0,0.0,0.0
A_Tnk_03,1,0,990,139,5,1.0,1.9,0.9,0,1.5,0.0,0.0,0.0,0.0,0.0,0.0,0.0,0.0
A_Tnk_03,2,0,1049,147,5,1.0,1.9,0.9,0,1.5,0.0,0.0,0.0,0.0,0.0,0.0,0.0,0.0
A_Tnk_03,3,0,1112,156,5,1.0,1.9,0.9,0,1.5,0.0,0.0,0.0,0.0,0.0,0.0,0.0,0.0
A_Tnk_03,4,0,1179,165,5,1.0,1.9,0.9,0,1.5,0.0,0.0,0.0,0.0,0.0,0.0,0.0,0.0
A_Tnk_03,5,0,1250,175,5,1.0,1.9,0.9,0,1.5,0.0,0.0,0.0,0.0,0.0,0.0,0.0,0.0
A_Tnk_03,6,0,1325,186,5,1.0,1.9,0.9,0,1.5,0.0,0.0,0.0,0.0,0.0,0.0,0.0,0.0
A_Tnk_03,7,0,1405,197,5,1.0,1.9,0.9,0,1.5,0.0,0.0,0.0,0.0,0.0,0.0,0.0,0.0
A_Tnk_03,8,0,1489,209,5,1.0,1.9,0.9,0,1.5,0.0,0.0,0.0,0.0,0.0,0.0,0.0,0.0
A_Tnk_03,9,0,1578,222,5,1.0,1.9,0.9,0,1.5,0.0,0.0,0.0,0.0,0.0,0.0,0.0,0.0
A_Tnk_03,10,0,1673,235,5,1.0,1.9,0.9,0,1.5,0.0,0.0,0.0,0.0,0.0,0.0,0.0,0.0
A_Tnk_03,11,0,1773,249,5,1.0,1.9,0.9,0,1.5,0.0,0.0,0.0,0.0,0.0,0.0,0.0,0.0
A_Tnk_03,12,0,1879,264,5,1.0,1.9,0.9,0,1.5,0.0,0.0,0.0,0.0,0.0,0.0,0.0,0.0
A_Tnk_03,13,0,1992,280,5,1.0,1.9,0.9,0,1.5,0.0,0.0,0.0,0.0,0.0,0.0,0.0,0.0
A_Tnk_03,14,0,2112,297,5,1.0,1.9,0.9,0,1.5,0.0,0.0,0.0,0.0,0.0,0.0,0.0,0.0
A_Tnk_03,15,0,2239,315,5,1.0,1.9,0.9,0,1.5,0.0,0.0,0.0,0.0,0.0,0.0,0.0,0.0
A_Tnk_03,16,0,2373,334,5,1.0,1.9,0.9,0,1.5,0.0,0.0,0.0,0.0,0.0,0.0,0.0,0.0
A_Tnk_03,17,0,2515,354,5,1.0,1.9,0.9,0,1.5,0.0,0.0,0.0,0.0,0.0,0.0,0.0,0.0
A_Tnk_03,18,0,2666,375,5,1.0,1.9,0.9,0,1.5,0.0,0.0,0.0,0.0,0.0,0.0,0.0,0.0
A_Tnk_03,19,0,2826,398,5,1.0,1.9,0.9,0,1.5,0.0,0.0,0.0,0.0,0.0,0.0,0.0,0.0
A_Tnk_03,20,0,2996,422,5,1.0,1.9,0.9,0,1.5,0.0,0.0,0.0,0.0,0.0,0.0,0.0,0.0
